VIN,UPC,BRAND,DESCRIPTION,PK Size,PK_UOM,ITEM STRENGTH,STRENGTH UOM,ITEM SIZE,ITEM UOM,WHLSALE,MSRP,MAP,HEIGHT,WIDTH,DEPTH,WEIGHT,Case Height,Case Width,Case Length,Case Weight,Case Pack,Case Cost,Notes
100LC,790011020059,JARROW,L-Carnitine ,1,EA,250,MG,100,CAPS, $11.00 , $21.95 ,,4.22,2.382,2.382,0.2,5,8,10.5,2.6,12, $132.00 ,
500LC,790011020011,JARROW,L-Carnitine ,1,EA,500,MG,50,CAPS, $11.50 , $22.95 ,,3.41,2.015,2.015,0.15,4.5,6.5,9,2,12, $138.00 ,
500SLC,790011020028,JARROW,L-Carnitine ,1,EA,500,MG,100,CAPS, $21.00 , $41.95 ,,4.22,2.382,2.382,0.28,5,8,10.5,3.56,12, $252.00 ,
5MTHF,790011300069,JARROW,Methyl Folate,1,EA,400,MCG,60,CAPS, $5.00 , $9.95 ,,3.25,1.75,1.75,0.065,4,6,8,0.98,12, $60.00 ,
AC120,790011150329,JARROW,Acetyl L-Carnitine,1,EA,250,MG,120,CAPS, $12.00 , $23.95 ,,4.22,2.382,2.382,0.15,5.5,7.5,10.5,2,12, $144.00 ,
ACARN,790011020073,JARROW,Acetyl L-Carnitine,1,EA,250,MG,60,CAPS, $8.00 , $15.95 ,,3.645,2.09,2.09,0.15,4.5,6.5,9,2,12, $96.00 ,
ACE,790011150374,JARROW,Acetyl L-Carnitine,1,EA,500,MG,60,CAPS, $11.50 , $22.95 ,,3.645,2.09,2.09,0.14,4.5,6.5,9,1.88,12, $138.00 ,
ACEBG,790011150626,JARROW,Acetyl L-Carnitine,1,EA,500,MG,120,CAPS, $19.50 , $38.95 ,,4.22,2.382,2.382,0.25,5.5,8,10.5,3.2,12, $234.00 ,
ACV,055358314002,OMEGA,Apple Cider Vinegar,1,EA,12,FL OZ,12,FL OZ, $3.55 , $5.25 ,,8.63,2.37,2.37,0.9,9,7.5,10,11,12, $42.60 ,
ADREN,790011290322,JARROW,Adrenal Optimizer ,1,EA,N/A,N/A,60,TABS, $13.00 , $25.95 ,,3.79,2.21,2.21,0.3,4.5,7.5,10,3.8,12, $156.00 ,
AGPC,790011560029,JARROW,Alpha GPC,1,EA,300,MG,60,CAPS, $20.00 , $39.95 ,,3.645,2.09,2.09,0.15,4.5,6.5,9,2,12, $240.00 ,
ALA,790011200024,JARROW,Alpha Lipoic Acid,1,EA,100,MG,60,TABS, $6.00 , $11.95 ,,3.41,2.015,2.015,0.1,4.5,6.5,9,1.4,12, $72.00 ,
ALA180,790011200031,JARROW,Alpha Lipoic Acid,1,EA,100,MG,180,TABS, $12.00 , $23.95 ,,3.815,2.21,2.21,0.3,4.5,7.5,9.5,3.8,12, $144.00 ,
ALA300,790011200109,JARROW,Alpha Lipoic Sustain,1,EA,300,MG,60,TABS, $12.50 , $24.95 ,,3.645,2.09,2.09,0.2,4.5,7,9.5,2.6,12, $150.00 ,
ALA90,790011200086,JARROW,Alpha Lipoic Acid,1,EA,100,MG,90,CAPS, $8.50 , $16.95 ,,3.645,2.09,2.09,0.16,4.5,6.5,9,2.12,12, $102.00 ,
ALAS,790011200215,JARROW,Alpha Lipoic Sustain,1,EA,300,MG,30,TABS, $7.50 , $14.95 ,,3.23,1.84,1.84,0.1,4,6.5,8.5,1.4,12, $90.00 ,
ALAS120,790011200369,JARROW,Alpha Lipoic Sustain - Value Size,1,EA,300,MG,120,TABS, $20.00 , $39.95 ,,4.25,2.25,2.25,0.4,5,8,10.5,5,12, $240.00 ,
ALCA,790011020097,JARROW,Acetyl L-Carnitine Arginate,1,EA,500,MG,100,CAPS, $20.00 , $39.95 ,,4.22,2.382,2.382,0.2,5,8,10.5,2.6,12, $240.00 ,
ALCALA,790011020134,JARROW,Acetyl L-Carnitine+ALA,1,EA,500,MG,100,CAPS, $20.00 , $39.95 ,,4.22,2.382,2.382,0.25,5,8,10.5,3.2,12, $240.00 ,
ALLER,790011290537,JARROW,AllerTame�,1,EA,N/A,N/A,60,SFTGELS, $15.00 , $29.95 ,,4.22,2.382,2.382,0.27,5,8,10.5,3.44,12, $180.00 ,
ANT,790011010012,JARROW,Anti-Oxidant Optimizer,1,EA,N/A,N/A,90,TABS, $11.00 , $21.95 ,,3.815,2.21,2.21,0.3,4.5,7,9.5,3.8,12, $126.00 ,
ARG,790011150367,JARROW,L-Arginine,1,EA,1000,MG,100,TABS, $9.00 , $17.95 ,,4.42,2.5,2.5,0.4,5.5,8,11,5,12, $108.00 ,
AROR,790011150411,JARROW,Arginine + Ornithine,1,EA,750,MG,100,CAPS, $8.50 , $16.95 ,,4.42,2.5,2.5,0.3,5,8,10.5,3.8,12, $102.00 ,
ART500,790011140627,JARROW,Artichoke,1,EA,500,MG,180,CAPS, $14.50 , $28.95 ,,5.16,2.825,2.825,0.41,6,9,12,5.12,12, $174.00 ,
ASHWA,790011220145,JARROW,Ashwagandha,1,EA,225,MG,120,CAPS, $11.50 , $22.95 ,,4.22,2.382,2.382,0.25,5,8,10.5,3.2,12, $138.00 ,
ASTA60,790011200383,JARROW,Astaxanthin,1,EA,4,MG,60,SFTGELS, $10.50 , $20.95 ,,3.87,2.12,2.12,0.143,4.5,6.5,9,1.916,12, $126.00 ,
ASTAHP,790011200413,JARROW,Astaxanthin,1,EA,12,MG,30,SFTGELS, $14.00 , $27.95 ,,3.25,1.87,1.87,0.085,4,6,8,1.22,12, $168.00 ,
B,790011010067,JARROW,B-Right (Complex),1,EA,N/A,N/A,100,CAPS, $10.00 , $19.95 , $13.97 ,4.67,2.57,2.57,0.6,5,8,10.5,7.4,12, $108.00 ,
B12,790011180012,JARROW,"Methyl B12, Methylcobalamin",1,EA,1000,MCG,100,LOZENGES, $6.00 , $11.95 , $8.37 ,3.23,1.84,1.84,0.35,4,6.5,8.5,4.4,12, $72.00 ,
B3,790011180098,JARROW,Niacinamide ,1,EA,250,MG,100,CAPS, $4.50 , $8.95 ,,3.645,2.09,2.09,0.15,4.5,6.5,9,2,12, $54.00 ,
B5,790011180104,JARROW,Pantothenic Acid,1,EA,500,MG,100,CAPS, $4.50 , $8.95 ,,4.22,2.382,2.382,0.25,5,8,10.5,3.2,12, $54.00 ,
B5000,790011180043,JARROW,"Methyl B12, Methylcobalamin",1,EA,5000,MCG,60,LOZENGES, $15.00 , $29.95 , $20.97 ,3.23,1.84,1.84,0.31,4,6.5,8.5,3.92,12, $180.00 ,
BAB,790011030133,JARROW,"Baby's Jarro Dophilus, 2.5oz",1,EA,3 BILLION ORGANISMS,PER GRAM,71,GM, $10.00 , $19.95 ,,3.645,2.09,2.09,0.22,5,7,9,2.84,12, $108.00 ,
BB,790011030102,JARROW,Bifidus Balance + FOS,1,EA,2 BILLION ORGANISMS,PER CAP,100,CAPS, $9.00 , $17.95 ,,3.645,2.09,2.09,0.15,4.5,7,9,2,12, $96.00 ,
BCAA,790011150534,JARROW,BCAAs w/ Glutamine,1,EA,600,MG,120,CAPS, $8.00 , $15.95 ,,4.42,2.5,2.5,0.27,5,8,10.5,3.44,12, $96.00 ,
BERG,790011140856,JARROW,Citrus Bergamot,1,EA,500,MG,60,CAPS, $21.50 , $42.95 ,,3.75,2,2,0.14,4.5,7,9.5,1.88,12, $258.00 ,
BIL,790011140016,JARROW,Bilberry+ Grapeskin polyphenols,1,EA,280,MG,60,CAPS, $11.00 , $21.95 ,,3.23,1.84,1.84,0.12,4,6,8,1.64,12, $132.00 ,
BILE,790011240020,JARROW,Bile Acid Factors,1,EA,333,MG,90,CAPS, $16.50 , $32.95 ,,4.22,2.382,2.382,0.2,5,7.5,10.5,2.6,12, $192.00 ,
BLK60,790011200345,JARROW,Blackcurrant Extract,1,EA,200,MG,60,CAPS, $11.00 , $21.95 ,,3.645,2.09,2.09,0.12,4.5,6.5,9.5,1.64,12, $132.00 ,
BMCG,790011180159,JARROW,"Methyl B12, Methylcobalamin",1,EA,500,MCG,100,LOZENGES, $5.00 , $9.95 ,,3.5,1.87,1.87,0.183,4,6.5,8.5,2.396,12, $60.00 ,
BRAIN,790011290544,JARROW,Brain Boost,1,EA,N/A,N/A,60,VCAPS, $13.00 , $25.95 ,,3.67,2.13,2.13,0.12,4.5,6.5,9.5,1.64,12, $156.00 ,
BROC,790011200277,JARROW,BroccoMax,1,EA,375,MG,60,CAPS, $13.50 , $26.95 ,,3.645,2.09,2.09,0.1,4.5,6.5,9,1.4,12, $162.00 ,
BROM,790011230052,JARROW,Bromelain 1000,1,EA,500,MG,30,TABS, $4.25 , $8.50 ,,3.23,1.84,1.84,0.1,3,6,8,1.4,12, $51.00 ,
BROM60,790011230069,JARROW,Bromelain 1000,1,EA,500,MG,60,TABS, $7.75 , $14.50 ,,3.815,2.21,2.21,0.18,4.5,7,9.5,2.36,12, $93.00 ,
BTN,790011180050,JARROW,Biotin,1,EA,5,MG,100,CAPS, $8.00 , $15.95 , $11.16 ,3.815,2.21,2.21,0.22,4.5,7,9.5,2.84,12, $96.00 ,
BU120,790011040019,JARROW,Bone-Up,1,EA,N/A,N/A,120,CAPS, $8.50 , $16.95 , $11.87 ,4.42,2.5,2.5,0.4,5,8,11,5,12, $102.00 ,
BU240,790011040033,JARROW,Bone-Up,1,EA,N/A,N/A,240,CAPS, $15.00 , $28.95 ,,5.22,3.07,3.07,0.76,6,10,13,9.32,12, $180.00 ,
BU360,790011048053,JARROW,Bone-Up - Value Size,1,EA,N/A,N/A,360,CAPS, $22.50 , $39.95 ,,6.625,3.375,3.375,1.16,7.5,11,15,14.12,12, $270.00 ,
BUTPD,790011048060,JARROW,Bone-Up - Three Per Day,1,EA,N/A,N/A,90,CAPS, $10.00 , $19.95 ,,5,2.68,2.68,0.46,5.5,8.5,11,5.72,12, $120.00 ,
CALMAG,790011130123,JARROW,Cal-Mag Citrates,1,EA,N/A,N/A,90,TABS, $4.50 , $8.95 ,,4.42,2.5,2.5,0.35,5,8,11,4.4,12, $51.00 ,
CARBTAME,790011290636,JARROW,CarbTame�,1,EA,N/A,N/A,60,VCAPS, $15.00 , $29.95 ,,3.25,1.8,1.8,0.096,4,6,8,1.35,12, $180.00 ,
CAROT,790011120186,JARROW,CarotenALL,1,EA,N/A,N/A,60,SFTGELS, $14.00 , $27.95 ,,3.645,2.09,2.09,0.35,4,7,9,4.4,12, $168.00 ,
CBEAN,790011260127,JARROW,Green Coffee Bean Extract,1,EA,400,MG,60,CAPS, $10.50 , $20.95 ,,3.75,2,2,0.13,4,7,9,1.76,12, $156.00 ,
CBIO,790011120155,JARROW,"Buffered-Vitamin C + Citrus Bioflavanoids, 1000 mg",1,EA,750,MG,100,TABS, $6.00 , $11.95 ,,4.22,2.382,2.382,0.15,5,8,10,2,12, $72.00 ,
CC120,790011150459,JARROW,Creatine ,1,EA,800,MG,120,CAPS, $6.50 , $12.95 ,,4.42,2.5,2.5,0.35,5,8,10.5,4.4,12, $78.00 ,
CC300,790011150404,JARROW,Creatine ,1,EA,800,MG,300,CAPS, $14.00 , $27.95 ,,6.1,3.2,3.2,0.3,6.5,10.5,13.5,3.8,12, $168.00 ,
CDP,790011200123,JARROW,CDP Choline,1,EA,250,MG,60,CAPS, $17.00 , $33.95 ,,3.41,2.015,2.015,0.12,4.5,6.5,9,1.64,12, $192.00 ,
CDP120,790011180142,JARROW,CDP Choline,1,EA,250,MG,120,CAPS, $29.00 , $57.95 ,,3.9,2.25,2.25,0.167,4.5,7,10,2.204,12, $336.00 ,
CELL,790011290599,JARROW,CellReset�,1,EA,N/A,N/A,60,TABS, $25.00 , $49.95 ,,4.25,2.5,2.5,0.184,5,8,10.5,2.408,12, $300.00 ,
CHLOPTI,790011290551,JARROW,Choless Optimizer,1,EA,N/A,N/A,120,TABS, $20.00 , $39.95 ,,4.5,2.5,2.5,0.4,5,8,10.5,5,12, $240.00 ,
CHOC1,790011210344,JARROW,"Whey Protein, Chocolate ",1,EA,N/A,N/A,454,GM, $13.00 , $23.95 ,,6.5,4.75,4.75,1.3,7,10,15,8,6, $78.00 ,
CHRY,790011150428,JARROW,Chrysin 500,1,EA,500,MG,30,CAPS, $15.00 , $29.95 ,,3.41,2.015,2.015,1.1,4.5,7,9,13.4,12, $180.00 ,
CKK,790011080046,JARROW,Ginkgo Biloba,1,EA,60,MG,60,CAPS, $4.50 , $8.95 ,,3.23,1.84,1.84,0.1,4,6,8,1.4,12, $54.00 ,
CLA90,790011160106,JARROW,CLA 750,1,EA,750,MG,90,SFTGELS, $10.00 , $19.95 ,,4.42,2.5,2.5,0.37,5,8,10.5,4.64,12, $120.00 ,
CMF,055358218003,OMEGA,Cold Milled Flax seeds,1,EA,N/A,N/A,425,GM, $4.90 , $8.15 ,,9,2.75,2.75,1,9.5,8,11.5,6.2,6, $29.40 ,
CMO,790011190158,JARROW,True CMO,1,EA,380,MG,60,CAPS, $13.00 , $25.95 ,,4.22,2.382,2.382,0.15,5,8,10.5,2,12, $156.00 ,
COCOJ,790011160281,JARROW,Coconut Oil 100% Organic,1,EA,N/A,N/A,454,GM, $7.00 , $11.95 ,,4.525,3.5,3.5,1.15,5,11.5,15,14,12, $84.00 ,
COCOJ32,790011160489,JARROW,Coconut Oil 100% Organic,1,EA,N/A,N/A,908,GM, $12.00 , $20.50 ,,6.75,4.25,4.25,2.19,8,13,17.5,26.28,12, $144.00 ,
COCOV,790011160335,JARROW,"Coconut Oil 100% Organic, Extra Virgin",1,EA,N/A,N/A,454,GM, $10.00 , $16.95 , $11.87 ,4.525,3.5,3.5,1.5,5,11.5,15,18.2,12, $120.00 ,
COCOV32,790011160403,JARROW,"Coconut Oil 100% Organic, Extra Virgin",1,EA,N/A,N/A,908,GM, $17.00 , $28.50 ,,6.18,5.45,5.45,2.15,8,13,17.5,26,12, $204.00 ,
COCOXVCAP,790011160472,JARROW,"Coconut Oil 100% Organic, Extra Virgin, Softgels",1,EA,1000,MG,120,SFTGELS, $8.50 , $16.95 ,,4.875,2.6,2.6,0.46,5.5,8.5,11,5.72,12, $102.00 ,
COL120,790011210108,JARROW,Colostrum Prime Life,1,EA,500,MG,120,CAPS, $13.50 , $26.95 ,,4.67,2.57,2.57,0.3,5,8,10.5,3.8,12, $162.00 ,
COLLAGEN,790011290513,JARROW,Type 2 Collagen,1,EA,500,MG,60,CAPS, $10.50 , $20.95 ,,3.645,2.09,2.09,0.15,4.5,7,9,2,12, $126.00 ,
CORD,790011140795,JARROW,Cordyceps 500mg ,1,EA,500,MG,60,TABS, $10.00 , $19.95 ,,3.23,1.84,1.84,0.1,4.5,6.5,9,1.4,12, $120.00 ,
COX,790011290087,JARROW,Cox 2 Tame,1,EA,N/A,N/A,90,SFTGELS, $14.00 , $27.95 ,,4.67,2.57,2.57,0.75,5.5,8,10.5,9.2,12, $150.00 ,
CR,790011130055,JARROW,Chromium GTF,1,EA,200,MCG,100,CAPS, $3.50 , $6.50 ,,3.23,1.84,1.84,0.1,3.5,5.5,7.5,1.4,12, $42.00 ,
CR325,790011150084,JARROW,Creatine Monohydrate,1,EA,6,GM/SCOOP,325,GM, $7.00 , $13.95 ,,5.22,3.07,3.07,0.85,6,10,13,10.4,12, $84.00 ,
CR600,790011150275,JARROW,Creatine Monohydrate,1,EA,6,GM/SCOOP,600,GM, $12.00 , $23.95 ,,5.75,3.5,3.5,1.5,7,11.5,15,18.2,12, $144.00 ,
CRAN,790011140276,JARROW,Cran Clearance,1,EA,680,MG,100,CAPS, $9.50 , $18.95 ,,4.22,2.382,2.382,0.26,5,7.5,10.5,3.32,12, $114.00 ,
CRKILO,790011150152,JARROW,Creatine Monohydrate,1,EA,6,GM/SCOOP,1000,GM, $17.00 , $33.95 ,,7.039,4.75,4.75,2.45,7.5,12.5,16.5,14.9,6, $102.00 ,
CSURG,790011150213,JARROW,"Creatine Surge, tropical fruit",1,EA,N/A,N/A,922,GM, $16.00 , $31.95 ,,7.039,4.75,4.75,2.15,7.5,12.5,16.5,13.1,6, $96.00 ,
CUR,790011140047,JARROW,Curcumin 95,1,EA,500,MG,60,CAPS, $13.00 , $25.95 , $18.17 ,3.815,2.21,2.21,0.15,4.5,7,9.5,2,12, $156.00 ,
CUR120,790011140764,JARROW,Curcumin 95,1,EA,500,MG,120,CAPS, $22.00 , $43.95 , $30.77 ,4.42,2.5,2.5,0.25,5.5,8,11,3.2,12, $264.00 ,
CURPH,790011140863,JARROW,Curcumin Phytosome,1,EA,500,MG,60,CAPS, $13.50 , $26.95 ,,3.875,2.063,2.063,0.164,4.5,7,9.5,2.168,12, $162.00 ,
D1000,790011300038,JARROW,Vitamin D3,1,EA,1000,IU,100,SFTGELS, $4.50 , $8.95 ,,4.42,2.5,2.5,0.2,4.5,7,9.5,2.6,12, $54.00 ,
D2500,790011290421,JARROW,Vitamin D3,1,EA,2500,IU,100,SFTGELS, $6.00 , $11.95 ,,4.42,2.5,2.5,0.1,4.5,7,9.5,1.4,12, $72.00 ,
D400,790011300021,JARROW,Vitamin D3,1,EA,400,IU,100,SFTGELS, $3.50 , $6.95 ,,4.42,2.5,2.5,0.13,4.5,7,9.5,1.76,12, $42.00 ,
D5000,790011300052,JARROW,Vitamin D3,1,EA,5000,IU,100,SFTGELS, $6.50 , $12.95 ,,3.815,2.21,2.21,0.12,4.5,7,9.5,1.64,12, $78.00 ,
DH10,790011150558,JARROW,DHEA ,1,EA,10,MG,90,CAPS, $5.00 , $9.95 ,,3.645,2.09,2.09,0.5,4.5,6.5,9,6.2,12, $60.00 ,
DH25,790011150169,JARROW,DHEA ,1,EA,25,MG,90,CAPS, $5.50 , $10.95 ,,3.79,2.21,2.21,0.1,4.5,7,10,1.4,12, $66.00 ,
DH50,790011150176,JARROW,DHEA,1,EA,50,MG,90,CAPS, $6.00 , $11.95 ,,3.79,2.21,2.21,0.11,4.5,7,10,1.52,12, $72.00 ,
DHA,790011160076,JARROW,Max DHA,1,EA,607,MG,90,SFTGELS, $11.00 , $21.95 ,,4.22,2.382,2.382,0.25,5,7.5,10.5,3.2,12, $126.00 ,
DHA180,790011160182,JARROW,Max DHA,1,EA,607,MG,180,SFTGELS, $18.00 , $35.95 ,,4.875,2.6,2.6,0.45,5.5,8,11.5,5.6,12, $192.00 ,
DIM,790011290650,JARROW,DIM + CDG,1,EA,N/A,N/A,30,CAPS, $15.00 , $29.95 ,,3.25,1.75,1.75,0.08,3.5,5.5,7.5,1.16,12, $180.00 ,
E,790011120087,JARROW,Dry E-400,1,EA,400,IU,100,CAPS, $11.00 , $21.95 ,,3.815,2.21,2.21,0.15,4.5,7,10,2,12, $132.00 ,
EBLQ,055358114404,OMEGA,Essential Balance�,1,EA,N/A,N/A,12,FL OZ, $9.15 , $15.25 ,,8.63,2.37,2.37,0.9,9,7.5,10,11,12, $109.80 ,
EFAM,790011120285,JARROW,Famil E,1,EA,N/A,N/A,60,SFTGELS, $15.00 , $29.95 ,,3.815,2.21,2.21,0.22,4.5,7,9,2.84,12, $174.00 ,
EPADHA120,790011160366,JARROW,EPA-DHA Balance ,1,EA,630,MG,120,SFTGELS, $12.00 , $23.95 ,,5.16,2.825,2.825,0.52,6,9,12,6.44,12, $144.00 ,
EPADHA240,790011160397,JARROW,EPA-DHA Balance ,1,EA,630,MG,240,SFTGELS, $21.00 , $41.95 ,,6.55,3.5,3.5,0.95,7.5,11,14.5,11.6,12, $252.00 ,
EPADHA60,790011160359,JARROW,EPA-DHA Balance ,1,EA,630,MG,60,SFTGELS, $7.00 , $13.95 ,,4.22,2.382,2.382,0.25,5,8,10.5,3.2,12, $84.00 ,
EQ,790011030065,JARROW,Equine-Dophilus,1,EA,25 BILLION ORGANISMS,PER GM,500,GM, $55.00 , $82.95 ,,5.75,3.5,3.5,1.26,7.5,10,14.5,12.8,10, $550.00 ,
FEM,790011030058,JARROW,Fem-Dophilus,1,EA,5 BILLION ORGANISMS,PER CAP,30,CAPS, $13.50 , $26.95 ,,4.375,2.156,2.156,0.2,5,8,10.5,2.6,12, $156.00 ,
FEM60,790011030300,JARROW,Fem-Dophilus,1,EA,5 BILLION ORGANISMS,PER CAP,60,CAPS, $21.00 , $41.95 ,,4.375,2.156,2.156,0.25,5,8,10.5,3.2,12, $240.00 ,
FIPER,790011010210,JARROW,Fiber Perfect,1,EA,N/A,N/A,150,CAPS, $7.50 , $14.95 ,,5.16,2.825,2.825,0.3,6,9,12,3.8,12, $90.00 ,
FMSOY,790011210184,JARROW,Fermented Soy Essence,1,EA,N/A,N/A,400,GM, $12.50 , $24.95 ,,6.63,4.75,4.75,1.1,7.5,10,15,6.8,6, $75.00 ,
FOLIC,790011120193,JARROW,Folic Acid,1,EA,800,MCG,100,CAPS, $3.00 , $5.95 ,,3.23,1.84,1.84,0.1,3.5,5.5,7.5,1.4,12, $33.00 ,
FOSPD,790011030256,JARROW,Inulin FOS,1,EA,N/A,N/A,180,GM, $6.00 , $11.95 ,,4.875,2.6,2.6,0.5,5.5,8.5,11.5,6.2,12, $66.00 ,
G1,790011100010,JARROW,Germanium Ge-132,1,EA,100,MG,30,CAPS, $13.50 , $26.95 ,,3.815,2.21,2.21,0.05,3.5,5.5,7.5,0.8,12, $162.00 ,
G150,790011100058,JARROW,Germanium Ge-132,1,EA,150,MG,30,CAPS, $17.75 , $35.50 ,,2.96,1.72,1.72,0.05,3.5,5.5,7.5,0.8,12, $213.00 ,
GABA,790011290445,JARROW,Gaba Soothe,1,EA,,,30,VCAPS, $12.00 , $23.95 ,,3.645,2.09,2.09,0.1,4.5,6.5,9.5,1.4,12, $144.00 ,
GAMMA,790011120278,JARROW,Gamma E 300,1,EA,N/A,N/A,120,SFTGELS, $18.00 , $34.95 ,,4.22,2.382,2.382,0.3,5,8,10.5,3.8,12, $192.00 ,
GCM120,790011190233,JARROW,Glucosamine+Chondroitin+MSM,1,EA,N/A,N/A,120,CAPS, $13.00 , $25.95 ,,4.42,2.5,2.5,0.35,5,8,10.5,4.4,12, $156.00 ,
GCM240,790011190226,JARROW,Glucosamine+Chondroitin+MSM,1,EA,N/A,N/A,240,CAPS, $23.00 , $45.95 ,,5.22,3.07,3.07,0.7,6,10,13,8.6,12, $270.00 ,
GDEF,790011170105,JARROW,Green Defense,1,EA,6,GM/SCOOP,180,GM, $13.50 , $26.95 ,,4.5,3.5,3.5,0.55,5,11,15,6.8,12, $162.00 ,
GE60,790011100041,JARROW,Germanium GE-132,1,EA,100,MG,60,CAPS, $25.00 , $49.95 ,,2.96,1.72,1.72,0.06,3.5,5.5,7.5,0.92,12, $300.00 ,
GEN,790011010074,JARROW,Gentle Fibers,1,EA,N/A,N/A,468,GM, $8.00 , $14.95 ,,6.5,3.5,3.5,1.2,7,11.5,15,14.6,12, $96.00 ,
GG,790011140122,JARROW,Garlic & Ginger,1,EA,700,MG,100,CAPS, $7.50 , $14.95 ,,4.22,2.382,2.382,0.26,5,8,10.5,3.32,12, $90.00 ,
GING,790011140269,JARROW,Ginger 4:1 Concentrate,1,EA,500,MG,100,CAPS, $5.50 , $10.95 ,,4.22,2.382,2.382,0.22,5,8,10.5,2.84,12, $66.00 ,
GL,790011190035,JARROW,Glucosamine HCl Mega 1000,1,EA,1000,MG,100,TABS, $9.50 , $18.95 ,,4.22,2.382,2.382,0.4,5,7.5,10.5,5,12, $114.00 ,
GLA240,790011090083,JARROW,Borage GLA-240+Gamma Tocopherol,1,EA,240,MG,60,SFTGELS, $8.25 , $16.50 ,,3.815,2.21,2.21,0.25,4.5,7,9.5,3.2,12, $99.00 ,
GLRED,790011150398,JARROW,Reduced Glutathione,1,EA,500,MG,60,CAPS, $20.50 , $40.95 ,,3.815,2.21,2.21,0.16,4.5,7,9.5,2.12,12, $246.00 ,
GLRED120,790011150664,JARROW,Reduced Glutathione,1,EA,500,MG,120,CAPS, $35.00 , $69.95 ,,4.5,2.5,2.5,0.26,5,8,11,3.32,12, $420.00 ,
GLUCAN,790011030232,JARROW,Beta Glucan ,1,EA,250,MG,60,CAPS, $20.00 , $39.95 ,,3.645,2.09,2.09,0.14,4.5,6.5,9,1.88,12, $240.00 ,
GM4Z,790011150091,JARROW,L-Glutamine,1,EA,2,GM/SCOOP,113,GM, $7.00 , $13.95 ,,4.22,2.382,2.382,0.32,5,8,10.5,4.04,12, $84.00 ,
GM500,790011150466,JARROW,L-Glutamine ,1,EA,2,GM/SCOOP,500,GM, $20.00 , $39.95 ,,5,4.75,4.75,1.35,6.5,10,14,8.3,6, $120.00 ,
GM8Z,790011150077,JARROW,L-Glutamine ,1,EA,2,GM/SCOOP,227,GM, $12.00 , $23.95 ,,5.16,2.825,2.825,0.6,5.5,10,12.5,7.4,12, $144.00 ,
GMCAP,790011150121,JARROW,L-Glutamine,1,EA,750,MG,120,CAPS, $9.00 , $17.95 ,,4.42,2.5,2.5,0.3,5,8,10.5,3.8,12, $96.00 ,
GMKILO,790011150350,JARROW,L-Glutamine ,1,EA,2,GM/SCOOP,1000,GM, $32.00 , $63.95 ,,7.606,5.591,5.591,2.55,10.5,11.5,17,15.5,6, $192.00 ,
GMTAB,790011150336,JARROW,L-Glutamine ,1,EA,1000,MG,100,TABS, $9.00 , $17.95 ,,4.42,2.5,2.5,0.42,5,8,10.5,5.24,12, $96.00 ,
GOAT,790011210337,JARROW,Goat Milk Protein,1,EA,N/A,N/A,454,GM, $25.00 , $44.95 ,,6.5,3.5,3.5,1.25,7,11.5,7.5,15.2,6, $150.00 ,
GOPT,790011290025,JARROW,Glucose Optimizer,1,EA,N/A,N/A,120,TABS, $16.00 , $31.95 ,,4.67,2.57,2.57,0.65,5,8,10.5,8,12, $192.00 ,
GPLC,790011020127,JARROW,GPLC Glycocarn,1,EA,500,MG,60,CAPS, $20.00 , $39.95 ,,3.815,2.21,2.21,0.18,4.5,7,9.5,2.36,12, $240.00 ,
GS1000,790011190127,JARROW,Glucosamine Sulfate,1,EA,1000,MG,100,TABS, $9.50 , $18.95 ,,4.42,2.5,2.5,0.48,5,8,10.5,5.96,12, $114.00 ,
GSC,790011190196,JARROW,Glucosamine + Chondroitin,1,EA,N/A,N/A,120,CAPS, $12.00 , $23.95 ,,4.42,2.5,2.5,0.35,5,8,11,4.4,12, $132.00 ,
GSC240,790011190219,JARROW,Glucosamine + Chondroitin,1,EA,N/A,N/A,240,CAPS, $22.00 , $43.95 ,,5.22,3.07,3.07,0.7,6,10,13,8.6,12, $258.00 ,
GTC,790011170075,JARROW,Green Tea,1,EA,500,MG,100,CAPS, $6.50 , $12.95 ,,4.22,2.382,2.382,0.2,5,8,10.5,2.6,12, $78.00 ,
GTCDF,790011170235,JARROW,Green Tea Decaffinated,1,EA,500,MG,100,CAPS, $7.50 , $14.95 ,,4.22,2.382,2.382,0.2,5,8,10.5,2.6,12, $90.00 ,
GTCOR,790011170242,JARROW,Green Tea Organic,1,EA,500,MG,100,TABS, $10.00 , $19.95 ,,3.85,2.15,2.15,0.18,4.5,7,9.5,2.36,12, $120.00 ,
HAW,790011140337,JARROW,Hawthorn,1,EA,500,MG,100,CAPS, $7.00 , $13.95 ,,4.22,2.382,2.382,0.26,5,8,10.5,3.32,12, $81.00 ,
HEMP16,790011160441,JARROW,Organic Hemp Protein,1,EA,N/A,N/A,454,GM, $10.75 , $18.25 ,,7.12,3.62,3.62,1.2,11,15.5,15.5,29,24, $258.00 ,
HIX,055358167004,OMEGA,Hi Lignan Flax Oil,1,EA,N/A,N/A,16,FL OZ, $9.80 , $16.30 ,,8.75,2.87,2.87,1.15,9.5,9,12,14,12, $117.60 ,
HTP100,790011150435,JARROW,5 HTP,1,EA,100,MG,60,CAPS, $14.00 , $27.95 ,,3.41,2.015,2.015,0.15,4.5,6.5,9,2,12, $168.00 ,
HTP50,790011150442,JARROW,5 HTP,1,EA,50,MG,90,CAPS, $10.50 , $20.95 ,,3.41,2.015,2.015,0.15,4,7,9,2,12, $126.00 ,
HYAL,790011290186,JARROW,Hyaluronic Acid ,1,EA,50,MG,60,CAPS, $10.00 , $19.95 ,,3.645,2.09,2.09,0.15,4.5,6.5,9,2,12, $120.00 ,
HYAL120,790011290247,JARROW,Hyaluronic Acid ,1,EA,50,MG,120,CAPS, $18.00 , $35.95 ,,4.42,2.5,2.5,0.3,5,8,10.5,3.8,12, $216.00 ,
IBS,790011030287,JARROW,Ideal Bowel Support,1,EA,10 BILLION ORGANISMS,PER CAP,30,VCAPS, $13.50 , $26.95 ,,5.18,3.13,1.75,0.09,5,8,10.5,1.28,12, $162.00 ,
IMMUNE,790011290575,JARROW,ResistImmune�,1,EA,N/A,N/A,60,TABS, $15.00 , $29.95 ,,3.8,2.2,2.2,0.15,4.5,7,9.5,2,12, $204.00 ,
INCAP,790011010241,JARROW,Inositol,1,EA,750,MG,100,CAPS, $8.50 , $16.95 ,,4.22,2.382,2.382,0.28,5.5,8,10.5,3.56,12, $102.00 ,
INFLA,790011290612,JARROW,InflaTame�,1,EA,N/A,N/A,60,SFTGELS, $16.50 , $32.95 ,,4.25,2.38,2.38,0.26,5.5,8,10.5,3.32,12, $198.00 ,
INOS,790011010166,JARROW,"Inositol, Powder",1,EA,600,MG/.25TSP,227,GM, $14.00 , $27.95 ,,5.22,3.07,3.07,0.65,7,11.5,15,8,12, $162.00 ,
IP6,790011200116,JARROW,IP6 Inositol Hexophosphate,1,EA,500,MG,120,CAPS, $8.50 , $16.95 ,,4.42,2.5,2.5,0.3,5,8,11,3.8,12, $102.00 ,
IRON,790011130130,JARROW,IronSorb,1,EA,18,MG,60,CAPS, $5.50 , $10.95 ,,3.23,1.84,1.84,0.35,4,6.5,8.5,4.4,12, $66.00 ,
JD,790011030010,JARROW,Jarro-Dophilus+FOS,1,EA,3.4 BILLION ORGANISMS,PER CAP,100,CAPS, $10.00 , $19.95 , $13.97 ,3.645,2.09,2.09,0.14,5,7,9,1.88,12, $108.00 ,
JD300,790011030324,JARROW,Jarro-Dophilus+FOS - Value Size,1,EA,3.4 BILLION ORGANISMS,PER CAP,300,CAPS, $21.00 , $41.95 ,,5,2.5,2.5,0.42,5.5,8.5,11,5.24,12, $240.00 ,
JDAF,790011030331,JARROW,Allergen-Free Jarro-Dophilus�,1,EA,10 BILLION ORGANISMS,PER CAP,60,CAPS, $10.00 , $19.95 ,,3.645,2.09,2.09,0.14,5,7,9,1.88,12, $120.00 ,
JDGUMBX,790011030355,JARROW,Jarro-Dophilus Oral Probiotic Gum,1,EA,100 Million Organisms,Per Gum Piece,8,PIECES, $36.00 , $4.95 ,,0.37,2,4.25,0.04,1.75,5.25,6.25,0.5,1, $36.00 ,"Wholesale by the Case, Retail by the Each"
JDLZBX,790011030348,JARROW,Jarro-Dophilus Oral Probiotic Lozenge,1,EA,200 Million Organisms,Per Lozenge Piece,8,PIECES, $36.00 , $4.95 ,,0.37,2,4.25,0.04,1.75,5.25,6.25,0.5,1, $36.00 ,"Wholesale by the Case, Retail by the Each"
JDOR,790011030119,JARROW,Jarro-Dophilus Non-FOS,1,EA,3.4 BILLION ORGANISMS,PER CAP,100,CAPS, $9.00 , $17.95 ,,3.645,2.09,2.09,0.14,5,7,9,1.88,12, $96.00 ,
JDSENIOR,790011030393,JARROW,Senior Jarro-Dophilus,1,EA,20 BILLION VIABLE CELLS,PER CAP,60,CAPS, $15.00 , $29.95 ,,3.6875,1.8125,1.8125,0.15,5,7,9,2,12, $180.00 ,
JEP15,790011030225,JARROW,Jarro-Dophilus EPS,1,EA,4.4 BILLION ORGANISMS,PER CAP,15,CAPS, $4.50 , $8.95 ,,3.94,4.125,0.5,0.05,4,6,8,1.2,20, $90.00 ,
JEPS,790011030201,JARROW,Jarro-Dophilus EPS,1,EA,5 BILLION ORGANISMS,PER CAP,60,CAPS, $13.00 , $22.95 , $16.07 ,5,3.125,1.75,0.17,6,7.5,10,2.24,12, $150.00 ,
JEPS120,790011030249,JARROW,Jarro-Dophilus EPS ,1,EA,5 BILLION ORGANISMS,PER CAP,120,CAPS, $21.50 , $39.95 , $27.97 ,5,3.125,3,0.34,6,9.5,13,4.28,12, $252.00 ,
JOINT,790011190073,JARROW,Joint Builder,1,EA,N/A,N/A,120,TABS, $13.00 , $25.95 ,,4.42,2.5,2.5,0.5,5,8,11,6.2,12, $156.00 ,
JSIL,790011130154,JARROW,"JarroSil, Activated Silicon",1,EA,4,MG/10 DROPS,1,FL OZ, $8.00 , $15.95 ,,3.5,2.25,1.75,0.14,5,11.5,14.5,5.24,36, $288.00 ,
JSIL60,790011130178,JARROW,"JarroSil, Activated Silicon",1,EA,4,MG/10 DROPS,2,FL OZ, $12.50 , $24.95 ,,4.25,2.25,1.75,0.14,5,11.5,14.5,5.24,36, $450.00 ,
K120K,790011080077,JARROW,Ginkgo Biloba,1,EA,120,MG,60,CAPS, $13.25 , $26.50 ,,3.23,1.84,1.84,0.25,4,6,8,1.7,6, $79.50 ,
KETO,790011150619,JARROW,7-Keto DHEA,1,EA,100,MG,30,CAPS, $11.00 , $21.95 , $15.37 ,3.25,1.87,1.87,0.085,4,6,8,1.22,12, $132.00 ,
KETO90,790011150657,JARROQ,7-Keto DHEA,1,EA,100,MG,90,CAPS, $29.50 , $58.95 ,,3.375,2.1,2.1,0.09,4,6,8,1.28,12, $354.00 ,
KIDS,790011010289,JARROW,"Kids Multi, Chewable",1,EA,N/A,N/A,120,TABS, $9.00 , $17.95 ,,4.875,2.6,2.6,0.4,5.5,8.5,11,5,12, $108.00 ,
KO30,790011160298,JARROW,Krill Oil,1,EA,N/A,N/A,30,SFTGELS, $9.00 , $17.95 ,,3.23,1.84,1.84,0.1,4,6,8,1.4,12, $108.00 ,
KO60,790011160274,JARROW,Krill Oil,1,EA,N/A,N/A,60,SFTGELS, $17.00 , $33.95 ,,3.645,2.09,2.09,0.15,4.5,6.5,9,2,12, $204.00 ,
LACFE,790011210115,JARROW,Lactoferrin,1,EA,250,MG,60,CAPS, $18.00 , $35.95 ,,3.815,2.21,2.21,0.15,4.5,7,9.5,2,12, $174.00 ,
LARIX,790011140603,JARROW,Larix 1000,1,EA,1000,MG,60,TABS, $11.50 , $22.95 ,,3.815,2.21,2.21,0.22,4.5,7,9.5,2.84,12, $138.00 ,
LC180,790011020080,JARROW,L-Carnitine ,1,EA,500,MG,180,CAPS, $32.00 , $58.95 ,,5.16,2.825,2.825,0.46,6,9,12,5.72,12, $384.00 ,
LCALL,790011020110,JARROW,CarnitAll 600 ,1,EA,N/A,N/A,90,CAPS, $14.50 , $28.95 ,,4.22,2.382,2.382,0.2,5,8,10.5,2.6,12, $174.00 ,
LCAR,790011150527,JARROW,L-Carnosine,1,EA,500,MG,90,CAPS, $26.50 , $52.95 ,,4.22,2.382,2.382,0.2,5,8,10.5,2.6,12, $318.00 ,
LCSG,790011020141,JARROW,L-Carnitine Liquid Cap,1,EA,500,MG,100,SFTGELS, $16.50 , $32.95 ,,4.22,2.382,2.382,0.15,5.5,8,10.5,2,12, $198.00 ,
LFI,055358216009,OMEGA,Nutri-Flax Fiber,1,EA,N/A,N/A,454,GM, $6.90 , $11.50 ,,8.67,2.87,2.87,1.22,8.5,7.5,11,7.52,6, $41.40 ,
LIMON,790011010340,JARROW,D-Limonene,1,EA,1000,MG,60,SFTGELS, $6.50 , $12.95 ,,3.815,2.21,2.21,0.25,4.5,7,9.5,3.2,12, $78.00 ,
LIVER,790011290124,JARROW,Liver PF,1,EA,N/A,N/A,90,TABS, $15.00 , $29.95 ,,3.815,2.21,2.21,0.3,4.5,7.5,9.5,3.8,12, $180.00 ,
LLC,790011020066,JARROW,Liquid L-Carnitine,1,EA,N/A,N/A,16,FL OZ, $11.00 , $21.95 ,,8.5,2.5,2.5,1.4,9,8,10.5,17,12, $132.00 ,
LLXX,790011110033,JARROW,Fresh Pressed Flaxseed Oil,1,EA,N/A,N/A,12,FL OZ, $7.90 , $13.15 ,,8.63,2.37,2.37,0.85,9,7.5,10,10.4,12, $94.80 ,
LOHAN,790011140672,JARROW,Lo Han Sweet,1,EA,N/A,N/A,80,GM, $5.50 , $9.95 ,,4.22,2.382,2.382,0.26,5,8.5,11,3.32,12, $66.00 ,
LTS,790011150015,JARROW,L-Tyrosine,1,EA,500,MG,100,CAPS, $6.75 , $13.50 ,,4.22,2.382,2.382,0.22,5.5,8,10.5,2.84,12, $81.00 ,
LU30,790011120247,JARROW,Lutein,1,EA,20,MG,30,SFTGELS, $5.00 , $9.95 ,,3.23,1.84,1.84,0.1,4,6,8,1.4,12, $60.00 ,
LU60,790011120254,JARROW,Lutein,1,EA,20,MG,60,SFTGELS, $9.00 , $17.95 , $12.57 ,3.645,2.09,2.09,0.15,4.5,7,9,2,12, $108.00 ,
LUBLK,790011120292,JARROW,Blackcurrant + Lutein,1,EA,N/A,N/A,60,VCAPS, $15.00 , $29.95 ,,4.22,2.382,2.382,1.5,4.5,7,9,18.2,12, $180.00 ,
LX32,790011110057,JARROW,Fresh Pressed Flaxseed Oil,1,EA,N/A,N/A,32,FL OZ, $18.20 , $30.25 ,,8.75,3.5,3.5,2.15,9,7,10.5,13.1,6, $109.20 ,
LXX,790011110026,JARROW,Fresh Pressed Flaxseed Oil,1,EA,N/A,N/A,8,FL OZ, $5.65 , $9.45 ,,7.12,2,2,0.55,8,6,10,8.45,15, $84.75 ,
LY,790011150046,JARROW,L-Lysine,1,EA,500,MG,100,CAPS, $5.00 , $9.95 ,,4.22,2.382,2.382,0.25,5,8,11,3.2,12, $60.00 ,
LYCO,790011120117,JARROW,Lyco-Sorb,1,EA,10,MG,30,SFTGELS, $6.00 , $11.95 ,,3.23,1.84,1.84,0.1,4,6.5,8.5,1.4,12, $72.00 ,
LYCO60,790011120124,JARROW,Lyco-Sorb,1,EA,10,MG,60,SFTGELS, $11.00 , $21.95 ,,3.41,2.015,2.015,0.15,4.5,6.5,9,2,12, $132.00 ,
M3,790011010036,JARROW,Multi 1-to-3,1,EA,N/A,N/A,100,TABS, $14.00 , $24.95 ,,4.42,2.5,2.5,0.55,5,8.5,11,6.8,12, $168.00 ,
MAGT,790011290629,JARROW,MagMind�,1,EA,"2,000",MG,90,CAPS, $19.50 , $38.95 ,,4.25,2.5,2.5,0.25,5,8.5,11,3.2,12, $222.00 ,
MB,790011130048,JARROW,Mineral Balance,1,EA,N/A,N/A,120,CAPS, $8.50 , $16.95 ,,4.42,2.5,2.5,0.36,5.5,8.5,11,4.52,12, $102.00 ,
MEGAPC,790011160014,JARROW,Mega PC-35 (Lecithin),1,EA,1200,MG,120,SFTGELS, $8.50 , $16.95 ,,4.875,2.6,2.6,0.55,5,8.5,11,6.8,12, $90.00 ,
MELO,790011150107,JARROW,Mellow Tonin,1,EA,3,MG,60,CAPS, $4.00 , $7.95 ,,3.41,2.015,2.015,0.1,4,6.5,9,1.4,12, $48.00 ,
METAL,790011290353,JARROW,Heavy Metal Detox,1,EA,N/A,N/A,90,CAPS, $17.50 , $34.95 ,,4.25,2.25,2.25,0.24,5,8,10.5,3.08,12, $210.00 ,
MGUM,790011230076,JARROW,Mastic Gum,1,EA,500,MG,60,CAPS, $16.00 , $31.95 ,,3.645,2.09,2.09,0.16,5,8,10.5,2.12,12, $180.00 ,
MK7,790011300014,JARROW,MK-7,1,EA,90,MCG,60,SFTGELS, $12.00 , $23.95 , $16.77 ,3.23,1.84,1.84,0.1,4,6,8,1.4,12, $144.00 ,
MMEAL,790011210122,JARROW,"Muscle OptiMeal, Vanilla",1,EA,N/A,N/A,908,GM, $25.00 , $39.95 ,,9.5,5.5,5.5,2.3,10.5,11.5,17,14,6, $108.00 ,
MOC,790011210191,JARROW,"Muscle OptiMeal, Chocolate",1,EA,N/A,N/A,908,GM, $25.00 , $39.95 ,,9.5,5.5,5.5,2.3,10.5,11.5,17,14,6, $108.00 ,
MP,790011130079,JARROW,Magnesium Optimizer,1,EA,N/A,N/A,100,TABS, $6.00 , $11.95 ,,4.22,2.382,2.382,0.5,5,8,10.5,6.2,12, $72.00 ,
MRCAP,790011170129,JARROW,Mushroom Optimizer,1,EA,N/A,N/A,90,CAPS, $8.50 , $16.95 ,,3.815,2.21,2.21,0.2,4.5,7,9.5,2.6,12, $102.00 ,
MSM100,790011190110,JARROW,MSM Sulfur,1,EA,1000,MG,100,CAPS, $6.00 , $11.95 ,,4.22,2.382,2.382,0.3,5,8,10.5,3.8,12, $72.00 ,
MSM120,790011190165,JARROW,MSM 1000,1,EA,1000,MG,120,TABS, $7.50 , $14.95 ,,4.42,2.5,2.5,0.45,5,8.5,11,5.6,12, $90.00 ,
MSM200,790011190134,JARROW,MSM Sulfur,1,EA,1000,MG,200,CAPS, $10.00 , $19.95 ,,5.16,2.825,2.825,0.65,6,10,13,8,12, $120.00 ,
MSMBG,790011190141,JARROW,MSM Sulfur,1,EA,1000,MG/SCOOP,454,GM, $14.00 , $27.95 ,,5.525,3.5,3.5,1.2,7,11.5,15,14.6,12, $168.00 ,
MSMKILO,790011190172,JARROW,MSM Sulfur,1,EA,1000,MG/SCOOP,1000,GM, $24.00 , $44.95 ,,7.039,4.75,4.75,2.45,7.5,12.5,16.5,14.9,6, $144.00 ,
MSMPD,790011190103,JARROW,MSM Sulfur,1,EA,1000,MG/SCOOP,200,GM, $7.00 , $13.95 ,,4.875,2.6,2.6,0.52,5.5,9,11,6.44,12, $84.00 ,
MSS,790011150114,JARROW,Melatonin Sustain,1,EA,1,MG,60,TABS, $4.00 , $7.95 ,,3.645,2.09,2.09,0.15,4.5,6.5,9,2,12, $48.00 ,
MSS120,790011150145,JARROW,Melatonin Sustain,1,EA,1,MG,120,TABS, $6.00 , $11.95 ,,3.645,2.09,2.09,0.25,4.5,6.5,9,3.2,12, $72.00 ,
NAC,790011070023,JARROW,N-A-C ,1,EA,500,MG,100,CAPS, $9.00 , $17.95 ,,3.645,2.09,2.09,0.45,4.5,7,9,5.6,12, $108.00 ,
NAC200,790011070030,JARROW,N-A-C ,1,EA,500,MG,200,CAPS, $16.50 , $32.95 ,,4.875,2.6,2.6,0.45,5.5,8.5,11,5.6,12, $198.00 ,
NAG120,790011190028,JARROW,NAG 750,1,EA,750,MG,120,CAPS, $12.00 , $23.95 ,,4.42,2.5,2.5,0.3,5,8,10.5,3.8,12, $144.00 ,
NAT1,790011210351,JARROW,"Whey Protein, Unflavored",1,EA,N/A,N/A,454,GM, $13.00 , $23.95 ,,6.5,4.75,4.75,0.85,7,10,15,5.3,6, $78.00 ,
NAT1ORG,790011218173,JARROW,"Organic Whey Protein, Unflavored",1,EA,N/A,N/A,454,GM, $21.00 , $36.95 ,,6.5,4.75,4.75,1.25,7,10,15,15,12, $252.00 ,
NATMAX,790011290148,JARROW,NattoMax ,1,EA,100,MG,30,CAPS, $9.00 , $17.95 ,,3.23,1.84,1.84,0.05,4,6,8,0.8,12, $108.00 ,
NATT,790011150510,JARROW,N-Acetyl Tyrosine,1,EA,350,MG,120,CAPS, $10.00 , $19.95 ,,4.875,2.6,2.6,0.28,5,8,10.5,3.56,12, $120.00 ,
NEURO,790011560012,JARROW,Neuro Optimizer,1,EA,N/A,N/A,120,CAPS, $25.00 , $49.95 ,,4.875,2.6,2.6,0.7,5.5,8.5,11.5,8.6,12, $300.00 ,
NMAX90,790011290438,JARROW,NattoMax,1,EA,100,MG,90,CAPS, $15.00 , $29.95 ,,3.23,1.84,1.84,0.15,4.5,6.5,9,2,12, $180.00 ,
OPC1,790011140207,JARROW,OPCs + 95,1,EA,100,MG,100,CAPS, $15.00 , $29.95 ,,3.645,2.09,2.09,0.15,4.5,7,9,2,12, $180.00 ,
PAK,790011010029,JARROW,Jarrow Pak Plus,1,EA,N/A,N/A,30,PKTS, $26.00 , $40.95 ,,5.25,6.25,5.25,0.7,10.5,13,13,12.8,18, $468.00 ,
PANT,790011180067,JARROW,Pantethine,1,EA,450,MG,60,SFTGELS, $15.00 , $29.95 ,,3.815,2.21,2.21,0.15,4.5,7,9.5,2,12, $180.00 ,
PC120,790011130147,JARROW,Potassium Citrate,1,EA,99,MG,120,TABS, $5.00 , $9.95 ,,3.79,2.21,2.21,0.25,4.5,7,9.5,3.2,12, $60.00 ,
PD,790011030027,JARROW,"Jarro-Dophilus + FOS, powder",1,EA,12 BILLION ORGANISMS,PER GM,70,GM, $12.00 , $23.95 ,,3.645,2.09,2.09,0.15,4.5,9,13,2,12, $138.00 ,
PETPD,790011030164,JARROW,"Pet Dophilus, powder",1,EA,4 BILLION ORGANISMS,PER GM,70.5,GM, $11.00 , $21.95 ,,3.645,2.09,2.09,0.2,4.5,9,13,5,24, $240.00 ,
PHMEG30,790011160502,JARROW,PhosphOmega,1,EA,"1,000",MG,30,SFTGELS, $10.00 , $19.95 ,,3.07,2.25,2.25,0.15,4.5,7,9.5,2,12, $120.00 ,
PHMEG60,790011160519,JARROW,PhosphOmega,1,EA,"1,000",MG,60,SFTGELS, $18.00 , $35.95 ,,4.25,2.37,2.37,0.26,5,7.5,10.5,3.32,12, $216.00 ,
PLANT,790011218166,JARROW,Optimal Plant Proteins,1,EA,N/A,N/A,540,GM, $12.00 , $21.95 ,,6.5,4.5,4.5,1.4375,7.5,10,14.5,8.825,6, $72.00 ,
POLI,790011200185,JARROW,Ultra Policosanols,1,EA,10,MG,100,SFTGELS, $12.00 , $23.95 ,,4.22,2.382,2.382,0.3,5,8.5,10.5,3.8,12, $144.00 ,
POM,790011200239,JARROW,Pomegranate Juice Concentrate,1,EA,N/A,N/A,12,FL OZ, $9.00 , $15.50 ,,7.75,2.5,2.5,1.65,3,3,8.5,20,12, $108.00 ,
POM24,790011200284,JARROW,Pomegranate Juice Concentrate,1,EA,N/A,N/A,24,FL OZ, $17.00 , $28.95 ,,8,3.25,3.25,2.9,3.5,3.5,8.5,35,12, $204.00 ,
POMCAP,790011140771,JARROW,PomGuard ,1,EA,500,MG,60,CAPS, $12.00 , $23.95 ,,3.815,2.21,2.21,0.1,4.5,7,9.5,1.4,12, $144.00 ,
PPS,790011160069,JARROW,PS-100,1,EA,100,MG,60,SFTGELS, $17.00 , $33.95 ,,3.645,2.09,2.09,0.15,4,7,9,2,12, $204.00 ,
PPSCAP,790011160205,JARROW,PS-100,1,EA,100,MG,120,CAPS, $26.00 , $51.95 ,,4.67,2.57,2.57,0.2,5,8,10.5,2.6,12, $312.00 ,
PQ10,790011120315,JARROW,PQQ (pyrroloquinoline quinone),1,EA,10,MG,30,CAPS, $10.50 , $20.95 ,,3.25,1.5625,1.5625,0.056,4,7,9,0.872,12, $126.00 ,
PQ20,790011120322,JARROW,PQQ (pyrroloquinoline quinone),1,EA,20,MG,30,CAPS, $17.00 , $33.95 ,,3.25,1.5625,1.5625,0.056,4,7,9,0.872,12, $204.00 ,
PR1300,790011090021,JARROW,Evening Primrose Oil 1300,1,EA,1300,MG,60,SFTGELS, $7.25 , $14.50 ,,4.22,2.382,2.382,0.3,5,7.5,10.5,3.8,12, $87.00 ,
PRENA,790011010234,JARROW,Preg-Natal + DHA,1,EA,N/A,N/A,30,PKTS, $12.50 , $24.95 ,,6.49,5.49,5.49,0.8,7,11.5,15,9.8,12, $150.00 ,
PROPT,790011290193,JARROW,Pressure Optimizer,1,EA,N/A,N/A,60,TABS, $19.00 , $37.95 ,,3.815,2.21,2.21,0.2,4.5,7.5,9.5,2.6,12, $216.00 ,
PROS,790011290049,JARROW,Prostate Optimizer,1,EA,N/A,N/A,90,SFTGELS, $18.00 , $35.95 ,,4.42,2.5,2.5,0.35,5,8,11,4.4,12, $198.00 ,
PS,790011160052,JARROW,PS-100,1,EA,100,MG,30,SFTGELS, $9.00 , $17.95 ,,3.41,2.015,2.015,0.05,4,7,9,0.8,12, $108.00 ,
PSBOM,055358335014,OMEGA,Pumkin Seed Butter (Organic),1,EA,N/A,N/A,568,GM, $13.00 , $20.95 ,,4.5,3.5,3.5,1.4,5,7.5,11.5,8.6,6, $78.00 ,
PSCAP,790011160199,JARROW,PS-100,1,EA,100,MG,60,CAPS, $15.00 , $29.95 ,,3.41,2.015,2.015,0.3,4,7,9,3.8,12, $180.00 ,
PTERO,790011200406,JARROW,Pterostilbene,1,EA,50,MG,60,CAPS, $15.00 , $29.95 ,,3.25,1.75,1.75,0.06,4,7,9,0.92,12, $180.00 ,
PY,790011140054,JARROW,Ultra Saw Palmetto + Pygeum,1,EA,N/A,N/A,60,SFTGELS, $11.00 , $21.95 ,,3.645,2.09,2.09,0.1,4.5,6.5,9,1.4,12, $132.00 ,
PY120,790011140535,JARROW,Ultra Saw Palmetto + Pygeum,1,EA,N/A,N/A,120,SFTGELS, $18.50 , $36.95 ,,4.22,2.382,2.382,0.28,5,8,10,3.56,12, $222.00 ,
Q100,790011060031,JARROW,Co-Q10,1,EA,100,MG,60,CAPS, $11.00 , $21.95 ,,3.23,1.84,1.84,0.1,4,6,8,1.4,12, $120.00 ,
Q230,790011060178,JARROW,Co-Q10,1,EA,200,MG,30,CAPS, $9.00 , $17.95 ,,3.23,1.84,1.84,0.05,4,6,8,0.8,12, $96.00 ,
Q260,790011060161,JARROW,Co-Q10,1,EA,200,MG,60,CAPS, $16.00 , $31.95 ,,3.23,1.84,1.84,0.1,4,6,8,1.4,12, $180.00 ,
Q3,790011060017,JARROW,Co-Q10,1,EA,30,MG,60,CAPS, $6.00 , $11.95 ,,3.23,1.84,1.84,0.06,4,6,8,0.92,12, $66.00 ,
Q60,790011060048,JARROW,Co-Q10,1,EA,60,MG,60,CAPS, $9.00 , $17.95 ,,3.23,1.84,1.84,0.1,4,6,8,1.4,12, $96.00 ,
QA120,790011060185,JARROW,Q-Absorb Co-Q10 ,1,EA,100,MG,120,SFTGELS, $25.00 , $49.95 ,,4.875,2.6,2.6,0.46,5.5,8.5,11,5.72,12, $300.00 ,
QH200,790011060246,JARROW,QH-Absorb ,1,EA,200,MG,30,SFTGELS, $25.00 , $49.95 ,,3.815,2.21,2.21,0.15,4.5,7,9.5,2,12, $300.00 ,
QH260,790011060260,JARROW,QH-Absorb,1,EA,200,MG,60,SFTGELS, $40.00 , $79.95 ,,3.87,2.25,2.25,0.26,4.5,7,9.5,3.32,12, $480.00 ,
QHAB120,790011060253,JARROW,QH-Absorb,1,EA,100,MG,120,SFTGELS, $40.00 , $79.95 ,,5,2.67,2.67,0.48,5.5,8,11,5.96,12, $480.00 ,
QHAB60,790011060192,JARROW,QH-Absorb,1,EA,100,MG,60,SFTGELS, $25.00 , $49.95 , $34.97 ,3.815,2.21,2.21,0.26,4.5,7,9.5,3.32,12, $300.00 ,
QHPOM,790011290643,JARROW,QH-Pomegranate,1,EA,N/A,N/A,30,SFTGELS, $18.00 , $35.95 ,,3.75,2,2,0.16,4.5,7,9,2.12,12, $216.00 ,
QHPQ,790011060277,JARROW,QH + PQQ (ubiquinol + pyrroloquinoline quinone),1,EA,N/A,N/A,30,SFTGELS, $20.00 , $39.95 ,,3.75,2,2,0.15,4.5,7,9,2,12, $240.00 ,
QPS,790011060130,JARROW,Q-Absorb Co-Q10,1,EA,30,MG,60,SFTGELS, $8.00 , $15.95 ,,3.815,2.21,2.21,0.25,4.5,7,9.5,3.2,2, $96.00 ,
QQ130,790011060154,JARROW,Q-Absorb Co-Q10,1,EA,100,MG,30,SFTGELS, $10.00 , $19.95 ,,3.41,2.015,2.015,0.14,4.5,7,9,1.88,12, $120.00 ,
QQ160,790011060123,JARROW,Q-Absorb Co-Q10,1,EA,100,MG,60,SFTGELS, $18.00 , $35.95 ,,3.815,2.21,2.21,0.26,4.5,7,9.5,3.32,12, $216.00 ,
QSPS,790011060147,JARROW,Q-Absorb Co-Q10,1,EA,30,MG,120,SFTGELS, $13.00 , $25.95 ,,4.875,2.6,2.6,0.46,6,8,11,5.72,12, $156.00 ,
QUE200,790011140528,JARROW,Quercetin 500,1,EA,500,MG,200,CAPS, $29.00 , $57.95 ,,5.22,3.07,3.07,0.45,6,10,13,5.6,12, $312.00 ,
QUER,790011140160,JARROW,Quercetin 500,1,EA,500,MG,100,CAPS, $16.00 , $31.95 ,,4.22,2.382,2.382,0.25,5.5,8,10.5,3.2,12, $168.00 ,
RALA,790011200390,JARROW,R-Alpha Lipoic Acid,1,EA,N/A,N/A,60,CAPS, $15.00 , $29.95 ,,3.75,2,2,0.1,4.5,7,9,1.4,12, $180.00 ,
RES100,790011140818,JARROW,Resveratrol 100mg  ,1,EA,100,MG,60,CAPS, $10.50 , $20.95 , $14.67 ,3.645,2.09,2.09,0.4,4.5,7,9,5,12, $126.00 ,
RESBG,790011140849,JARROW,Resveratrol 100mg - Value Size,1,EA,100,MG,120,CAPS, $19.00 , $37.95 , $26.57 ,5,2.625,2.625,0.8,6,9,12,9.8,12, $228.00 ,
RESV,790011140610,JARROW,Resveratrol Synergy,1,EA,N/A,N/A,60,TABS, $10.50 , $20.95 ,,3.645,2.09,2.09,0.25,4.5,7.5,10.5,3.2,12, $126.00 ,
RESV120,790011140801,JARROW,Resveratrol Synergy ,1,EA,N/A,N/A,120,TABS, $19.00 , $37.95 ,,4.67,2.57,2.57,0.7,5.5,8.5,11,8.6,12, $228.00 ,
RESV200,790011140832,JARROW,Resveratrol Synergy ,1,EA,N/A,N/A,60,TABS, $20.00 , $39.95 ,,3.815,2.21,2.21,0.2,5,8,10.5,2.6,12, $240.00 ,
RHOD,790011140702,JARROW,Rhodiola Rosea 500,1,EA,500,MG,60,CAPS, $14.00 , $27.95 ,,3.645,2.09,2.09,0.15,4.5,6.5,9,2,12, $156.00 ,
RIB200,790011010302,JARROW,Ribose Powder,1,EA,N/A,N/A,200,GM, $20.00 , $39.95 ,,5.16,2.825,2.825,0.5,5.5,9.5,12.5,6.2,12, $240.00 ,
RIB400,790011010357,JARROW,Ribose Powder,1,EA,N/A,N/A,400,GM, $35.00 , $69.95 ,,5.75,3.75,3.75,1.044,7,11.5,15,12.73,12, $420.00 ,
RIB90,790011010333,JARROW,"Ribose, Chewable",1,EA,N/A,N/A,90,TABS, $12.00 , $23.95 ,,4.22,2.382,2.382,0.3,5,8,10.5,3.8,12, $144.00 ,
RIBPD,790011010258,JARROW,Ribose Powder,1,EA,N/A,N/A,100,GM, $11.00 , $21.95 ,,4.67,2.57,2.57,0.3,5.5,8.5,11,3.8,12, $132.00 ,
RICE70,790011210276,JARROW,Brown Rice Protein 70% Vanilla Flavor,1,EA,N/A,N/A,504,GM, $12.00 , $20.95 ,,6.5,4.75,4.75,1.4,7.5,10,15,8.6,6, $55.50 ,
RICEBER,790011218081,JARROW,Brown Rice Protein 70% Mixed Berry Flavor,1,EA,N/A,N/A,509,GM, $12.00 , $20.95 ,,6.5,4.75,4.75,1.4,7.5,10,15,8.6,6, $55.50 ,
RICECHOC,790011218074,JARROW,Brown Rice Protein 70% Chocolate Flavor,1,EA,N/A,N/A,550,GM, $12.00 , $20.95 ,,6.5,4.75,4.75,1.7,7.5,10,15,10.4,6, $55.50 ,
RYR,790011330011,JARROW,Red Yeast Rice + CoQ10,1,EA,650,MG,120,CAPS, $15.00 , $29.95 ,,4.26,2.26,2.26,0.17,5,8,11,2.24,12, $168.00 ,
SAC,790011030041,JARROW,Saccharomyces Boulardii + MOS,1,EA,5 BILLION ORGANISMS,PER CAP,90,CAPS, $13.50 , $26.95 , $18.87 ,4.625,2,2,0.25,5,8,10.5,1.88,12, $150.00 ,
SAC180,790011030294,JARROW,Saccharomyces Boulardii + MOS Value Size,1,EA,5 BILLION ORGANISMS,PER CAP,180,CAPS, $23.50 , $46.95 ,,4.75,2.625,2.625,0.48,6,10,13,5.84,12, $264.00 ,
SACBX,790011030270,JARROW,Saccharomyces Boulardii + MOS,1,EA,5 BILLION ORGANISMS,PER CAP,30,CAPS, $6.00 , $11.95 ,,5.125,4.75,0.75,0.14,5,8,10,3,20, $120.00 ,
SACPK,790011030386,JARROW,Saccharomyces Boulardii ,1,EA,5 BILLION ORGANISMS,PER PACKET,20,PACKETS, $15.00 , $29.95 ,,4.188,3,2.625,0.3,5,8,10.5,3.8,12, $180.00 ,
SAM400,790011200208,JARROW,SAM-e 400,1,EA,400,MG,30,TABS, $24.00 , $39.95 ,,5,3.125,1.75,0.15,5.5,7.5,10,2,12, $288.00 ,
SAM60,790011200161,JARROW,SAM-e 200 ,1,EA,200,MG,60,TABS, $24.00 , $39.95 ,,6.125,3.25,1.75,0.15,7,7.5,10,2,12, $288.00 ,
SAMEBX,790011200147,JARROW,SAM-e 200,1,EA,200,MG,20,TABS, $9.50 , $15.50 ,,5,3.125,1.75,0.05,5.5,7.5,10,0.8,12, $114.00 ,
SAMJNT,790011200192,JARROW,SAM-E Joint ,1,EA,200,MG,60,TABS, $25.00 , $41.95 ,,5.5,3.25,2.25,0.26,7,7.5,10,3.32,12, $300.00 ,
SAW,790011140191,JARROW,Saw Palmetto,1,EA,320,MG,60,SFTGELS, $7.00 , $13.95 ,,3.645,2.09,2.09,0.15,4.5,6.5,9,2,12, $84.00 ,
SAW120,790011140511,JARROW,Saw Palmetto,1,EA,320,MG,120,SFTGELS, $12.00 , $23.95 ,,4.22,2.382,2.382,0.25,5,8,10.5,3.2,12, $144.00 ,
SBIL,790011140283,JARROW,Bilberry + Grapeskin Polyphenols,1,EA,280,MG,120,CAPS, $20.00 , $39.95 ,,3.815,2.21,2.21,0.2,4.5,7,9.5,2.6,12, $240.00 ,
SC,790011120070,JARROW,C + OleaSelect ,1,EA,1025,MG,250,CAPS, $14.00 , $27.95 ,,5.22,3.07,3.07,0.75,6,10,13,9.2,12, $168.00 ,
SCKK,790011080053,JARROW,Ginkgo Biloba,1,EA,60,MG,120,CAPS, $13.25 , $26.50 ,,3.645,2.09,2.09,0.4,4.5,6.5,9,2.6,6, $79.50 ,
SD1000,790011300045,JARROW,Vitamin D3,1,EA,1000,IU,200,SFTGELS, $7.00 , $13.95 ,,4.22,2.382,2.382,0.4,5,8,10.5,5,12, $84.00 ,
SG240,790011090090,JARROW,GLA240+Gamma,1,EA,240,MG,120,SFTGELS, $14.00 , $27.95 ,,5.16,2.825,2.825,0.52,6,9,12,6.44,12, $168.00 ,
SHIL60,790011290605,JARROW,Shilajit Fulvic Acid Complex,1,EA,250,MG,60,CAPS, $12.00 , $23.95 ,,3.5,2,2,0.108,4.5,7,9,1.496,12, $144.00 ,
SIL200,790011140290,JARROW,Milk Thistle,1,EA,150,MG,200,CAPS, $13.50 , $26.95 , $18.87 ,4.22,2.382,2.382,0.25,6,8,10.5,3.2,12, $162.00 ,
SILY,790011140030,JARROW,Milk Thistle,1,EA,150,MG,100,CAPS, $7.50 , $14.95 ,,3.645,2.09,2.09,0.15,4.5,7,9,2,12, $90.00 ,
SJD,790011030126,JARROW,Jarro-Dophilus+ FOS,1,EA,3.4 BILLION ORGANISMS,PER CAP,200,CAPS, $16.00 , $29.95 ,,4.22,2.382,2.382,0.2,5.5,8,10.5,2.6,12, $180.00 ,
SK120K,790011080084,JARROW,Ginkgo Biloba,1,EA,120,MG,120,CAPS, $17.50 , $34.95 ,,3.645,2.09,2.09,0.4,5.5,6.5,9,2.6,6, $105.00 ,
SKIN,790011290292,JARROW,Skin Optimizer,1,EA,N/A,N/A,60,CAPS, $14.00 , $27.95 ,,3.79,2.21,2.21,0.16,4.5,7,9.5,2.12,12, $168.00 ,
SKINLP,790011290582,JARROW,Skin L&P,1,EA,N/A,N/A,60,CAPS, $22.50 , $44.95 ,,4,2.25,2.25,0.17,4.5,7,9.5,2.24,12, $270.00 ,
SLC,790011020035,JARROW,L-Carnitine,1,EA,250,MG,250,CAPS, $22.00 , $43.95 ,,5.16,2.825,2.825,0.45,4.5,9,12,5.6,12, $264.00 ,
SLP60,790011290490,JARROW,Sleep Optimizer,1,EA,N/A,N/A,60,CAPS, $10.50 , $20.95 ,,3.645,2.09,2.09,0.15,4.5,6.5,9,2,12, $126.00 ,
SLPBX,790011290483,JARROW,Sleep Optimizer,1,EA,N/A,N/A,20,CAPS, $6.00 , $11.95 ,,5.125,4.75,0.75,0.087,4.5,8,10,1.94,20, $120.00 ,
SOPC,790011140146,JARROW,OPCs + 95,1,EA,100,MG,50,CAPS, $8.00 , $15.95 ,,3.23,1.84,1.84,0.1,4,6,8,1.4,12, $96.00 ,
SOY,790011210092,JARROW,Iso-Rich Soy,1,EA,N/A,N/A,400,GM, $8.00 , $14.95 ,,7,4,4,1.15,7,10,15,7.1,6, $48.00 ,
SOY2,790011210177,JARROW,Iso-Rich Soy,1,EA,N/A,N/A,908,GM, $15.00 , $26.50 ,,9.5,5.5,5.5,2.45,10.5,11.5,17,14.9,6, $81.00 ,
SQ3,790011060024,JARROW,Co-Q10,1,EA,30,MG,150,CAPS, $11.00 , $21.95 ,,3.23,1.84,1.84,0.1,4,6,8,1.4,12, $120.00 ,
SS,790011130062,JARROW,SeleNext,1,EA,N/A,N/A,60,CAPS, $7.00 , $13.95 ,,3.23,1.84,1.84,0.12,4,6,8,1.64,12, $78.00 ,
STRESS,790011140726,JARROW,StressTame,1,EA,N/A,N/A,60,CAPS, $9.50 , $18.95 ,,3.645,2.09,2.09,0.15,4.5,6.5,9,2,12, $114.00 ,
SUS,790011070016,JARROW,N-A-C Sustain,1,EA,600,MG,100,TABS, $13.00 , $25.95 ,,3.815,2.21,2.21,0.32,4.5,7,9.5,4.04,12, $156.00 ,
SXX,790011110088,JARROW,Flaxseed Oil,1,EA,1000,MG,200,SFTGELS, $8.50 , $15.95 ,,5.22,3.07,3.07,0.78,6,10,13,9.56,12, $102.00 ,
TAU,790011150206,JARROW,Taurine,1,EA,1000,MG,100,CAPS, $6.50 , $12.95 ,,4.22,2.382,2.382,0.35,5,7.5,10.5,4.4,12, $78.00 ,
THE,790011150503,JARROW,Theanine,1,EA,100,MG,60,CAPS, $8.00 , $15.95 ,,3.41,2.015,2.015,0.12,4.5,6.5,9,1.64,12, $96.00 ,
THE200,790011150572,JARROW,Theanine,1,EA,200,MG,60,CAPS, $13.00 , $25.95 ,,3.645,2.09,2.09,0.1,4.5,6.5,9,1.4,12, $156.00 ,
TM500,790011200079,JARROW,TMG-500,1,EA,500,MG,120,TABS, $7.50 , $14.95 ,,4.22,2.382,2.382,0.4,5,8,10.5,5,12, $90.00 ,
TMGPD,790011200055,JARROW,"TMG Crystals, Powder",1,EA,N/A,N/A,50,GM, $5.00 , $9.95 ,,3.23,1.84,1.84,0.35,4,6.5,8,4.4,12, $60.00 ,
TOCO,790011120261,JARROW,Toco Sorb,1,EA,N/A,N/A,60,SFTGELS, $13.00 , $25.95 ,,3.41,2.015,2.015,0.35,4,7,9,4.4,12, $156.00 ,
TRIB,790011220121,JARROW,Tribilus Complex,1,EA,N/A,N/A,50,TABS, $12.00 , $19.95 ,,3.815,2.21,2.21,0.25,4.5,7,9.5,3.2,12, $144.00 ,
TRYP,790011150565,JARROW,L-Tryptophan,1,EA,500,MG,60,CAPS, $11.00 , $21.95 ,,3.815,2.21,2.21,0.15,4.5,7,9.5,2,12, $132.00 ,
ULT240,790011040057,JARROW,Ultra Bone-Up ,1,EA,N/A,N/A,240,TABS, $23.00 , $45.95 ,,5.22,3.07,3.07,1.05,6,10,13,12.8,12, $276.00 ,
ULTJD,790011030263,JARROW,Ultra Jarro-Dophilus,1,EA,50 BILLION ORGANISMS,PER CAP,60,CAPS, $21.00 , $41.95 ,,3.645,2.09,2.09,0.14,5,7,9,1.88,12, $240.00 ,
ULTJNT,790011290506,JARROW,Ultra Joint Builder,1,EA,N/A,N/A,90,TABS, $14.00 , $27.95 ,,4.22,2.382,2.382,0.38,5,8,10.5,4.76,12, $168.00 ,
ULTLU,790011120308,JARROW,Lutein Sorb,1,EA,N/A,N/A,60,CAPS, $12.50 , $24.95 ,,3.645,2.09,2.09,0.12,4.5,7,9,1.64,12, $150.00 ,
ULTRA,790011040040,JARROW,Ultra Bone-Up,1,EA,N/A,N/A,120,TABS, $16.00 , $31.95 ,,4.42,2.5,2.5,0.55,5,8,11,6.8,12, $192.00 ,
URI,790011560036,JARROW,Uridine,1,EA,250,MG,60,CAPS, $22.00 , $39.95 ,,3.75,2,2,0.13,5,7,9,1.76,12, $264.00 ,
VAN1,790011210313,JARROW,"Whey Protein, Vanilla ",1,EA,N/A,N/A,454,GM, $13.00 , $23.95 ,,6.5,4.75,4.75,1.25,7,10,15,7.7,6, $78.00 ,
VAN1ORG,790011218180,JARROW,"Organic Whey Protein, Vanilla",1,EA,N/A,N/A,454,GM, $21.00 , $36.95 ,,6.5,4.75,4.75,1.25,7,10,15,15,12, $252.00 ,
VBU,790011040026,JARROW,Bone-Up (Vegetarian),1,EA,N/A,N/A,120,TABS, $9.50 , $18.95 ,,4.42,2.5,2.5,0.45,5,8,11,5.6,12, $114.00 ,
VEGZZ,790011230120,JARROW,Vegetarian Jarro-Zymes,1,EA,N/A,N/A,60,CAPS, $7.00 , $13.95 ,,3.815,2.21,2.21,0.1,4.5,7,9.5,1.4,12, $84.00 ,
VEIN,790011290261,JARROW,VenousPF,1,EA,N/A,N/A,90,TABS, $15.00 , $29.95 ,,4.22,2.382,2.382,0.3,5,8,10.5,3.8,12, $180.00 ,
VINP,790011140641,JARROW,Vinpocetine,1,EA,5,MG,100,CAPS, $7.50 , $14.95 ,,3.645,2.09,2.09,0.15,5,8,10,2,12, $90.00 ,
VIS,790011290032,JARROW,Vision Optimizer,1,EA,N/A,N/A,90,CAPS, $16.50 , $32.95 ,,4.67,2.57,2.57,0.6,5,8,10.5,7.4,12, $192.00 ,
VIS180,790011290520,JARROW,Vision Optimizer,1,EA,N/A,N/A,180,CAPS, $28.50 , $56.95 ,,5.16,2.825,2.825,0.47,6,9,12,5.84,12, $330.00 ,
WBER,790011218197,JARROW,"Whey Protein, Berry",1,EA,N/A,N/A,908,GM, $23.00 , $34.95 ,,9.5,5.5,5.5,2.4,10.5,11.5,17,14.6,6, $138.00 ,
WCHOC,790011210085,JARROW,"Whey Protein, Chocolate",1,EA,N/A,N/A,908,GM, $23.00 , $34.95 ,,9.5,5.5,5.5,2.4,10.5,11.5,17,14.6,6, $138.00 ,
WCHOCBX,790011218128,JARROW,"Whey Protein, Chocolate - 12 Packets",1,EA,N/A,N/A,12,Packets, $15.50 , $26.95 ,,6,4,5.875,0.92,6.5,12,12,6.2,6, $93.00 ,
WELL,790011290117,JARROW,Wellness Optimizer,1,EA,N/A,N/A,90,TABS, $10.00 , $19.95 ,,4.22,2.382,2.382,0.25,5,7.5,10.5,3.2,12, $120.00 ,
WHEYBX,790011210405,JARROW,"Whey Protein, 3 Flavor Variety Pack - 12 Packets",1,EA,N/A,N/A,12,Packets, $15.50 , $26.95 ,,6,4,5.875,0.85,6.5,12,12,6.1,6, $93.00 ,
WMV,790011010265,JARROW,Women's Multi 1-3,1,EA,N/A,N/A,60,TABS, $9.50 , $17.50 ,,4.42,2.5,2.5,0.25,5.5,8,10,3.2,12, $114.00 ,
WNAT,790011210146,JARROW,"Whey Protein, All Natural",1,EA,N/A,N/A,908,GM, $23.00 , $34.95 ,,9.5,5.5,5.5,2.4,10.5,11.5,17,14.6,6, $138.00 ,
WNATBX,790011210399,JARROW,"Whey Protein, Unflavored - 12 Packets",1,EA,N/A,N/A,12,Packets, $15.50 , $26.95 ,,6,4,5.875,0.82,8,13,17.5,5.12,6, $93.00 ,
WVAN,790011210030,JARROW,"Whey Protein, Vanilla",1,EA,N/A,N/A,908,GM, $23.00 , $34.95 ,,9.5,5.5,5.5,2.36,10.5,11.5,17,14.36,6, $138.00 ,
WVANBX,790011218104,JARROW,"Whey Protein, Vanilla - 12 Packets",1,EA,N/A,N/A,12,Packets, $15.50 , $26.95 ,,6,4,5.875,0.92,8,13,17.5,5.72,6, $93.00 ,
XX,790011110040,JARROW,Flaxseed Oil,1,EA,1000,MG,100,SFTGELS, $5.25 , $9.50 ,,4.42,2.5,2.5,0.4,5,8,10.5,5,12, $63.00 ,
XYLI,790011800019,JARROW,Xyli Pure Xylitol,1,EA,N/A,N/A,227,GM, $6.00 , $9.95 ,,3.72,3.626,3.626,0.65,5,11,15,8,12, $72.00 ,
XYLI16,790011800026,JARROW,Xyli Pure Xylitol,1,EA,N/A,N/A,454,GM, $9.00 , $14.95 ,,5.525,3.5,3.5,1.16,7,11.5,15,14.12,12, $108.00 ,
YC150,790011170037,JARROW,Yaeyama Chlorella,1,EA,400,MG,150,CAPS, $8.50 , $16.95 ,,4.22,2.382,2.382,0.25,5,8,10.5,3.2,12, $102.00 ,
YC300,790011170044,JARROW,Yaeyama Chlorella,1,EA,200,MG,300,TABS, $10.00 , $19.95 ,,4.42,2.5,2.5,0.5,5,8,10.5,6.2,12, $120.00 ,
YCKILO,790011170051,JARROW,Yaeyama Chlorella,1,EA,N/A,N/A,1000,GM, $50.00 , $89.95 ,,7.039,4.75,4.75,2.5,8,12.5,17,15.2,6, $300.00 ,
YCPD,790011170020,JARROW,Yaeyama Chlorella,1,EA,N/A,N/A,100,GM, $8.00 , $15.95 ,,4.22,2.5,2.5,0.3,5,7.5,10.5,3.8,12, $96.00 ,
YUMDOIL,790011320036,JARROW,Yum-Yum D3 Liquid,1,EA,200,IU/drop,0.9,FL OZ, $6.50 , $12.95 ,,3.5,1,1,0.09,0,0,0,3.8,40, $260.00 ,
YUMGUM,790011320029,JARROW,Yum-Yum D3 Gummies,1,EA,400,IU/CHEW,90,CHEWS, $6.00 , $11.95 ,,4.875,2.6,2.6,0.6,5.5,8.5,11.5,7.4,12, $72.00 ,
YUMJD,790011030218,JARROW,Yum Yum Dophilus,1,EA,1 BILLION ORGANISMS,PER 2 CAP,60,TABS, $8.00 , $15.95 ,,5.25,3.25,1.75,0.16,1.25,3.25,5.5,2.12,12, $84.00 ,
YUMJD120,790011320050,JARROW,Yum Yum Dophilus - Value Size,1,EA,1 BILLION ORGANISMS,PER 2 CAP,120,TABS, $13.00 , $25.95 ,,5.25,3.25,3.375,0.32,3.5,3.5,5.5,4.04,12, $144.00 ,
ZB,790011130086,JARROW,Zinc Balance,1,EA,15,MG,100,CAPS, $6.50 , $12.95 ,,3.23,1.84,1.84,0.15,4,6,8,2,12, $78.00 ,
ZZ,790011010081,JARROW,Jarro-Zymes Plus,1,EA,470,MG,100,CAPS, $9.00 , $17.95 ,,3.815,2.21,2.21,0.2,4.5,7.5,9.5,2.6,12, $108.00 ,