upc,asin,cost,marketplace,group,title,author,img,rank,status,msg,oversize,weight,new-fba-offers,used-fba-offers,collectible-fba-offers,total-fba-offers,new-offers,used-offers,collectible-offers,total-offers,amazon_price,lowFBA,low-new-FBA,low-used-FBA,low-collectible-FBA,lowMFN,low-new-MFN,low-used-MFN,low-collectible-MFN,net_payout,margin_impact,margin_percent,profit_percent
838766005201,B007A4WFWU,$55.99 ,US,Health and Beauty,Vega One All-in-One Nutritional Shake Chocolate Large Tub30.9 oz,,http://ecx.images-amazon.com/images/I/41-QfNoBM5L.jpg,"2,055",accept,,no,2,4,0,0,4,8,0,0,8,$54.99 ,$59.99 ,$59.99 ,,,$54.99 ,$54.99 ,,,($13.10),$42.89 ,-30.54%,-23.40%
838766005218,B007A4WG3S,$55.99 ,US,Health and Beauty,Vega One All-in-One Nutritional Shake Berry Large Tub 30oz,,http://ecx.images-amazon.com/images/I/41HRLUpog6L.jpg,"12,005",accept,,no,2,4,0,0,4,6,0,0,6,,$55.99 ,$55.99 ,,,$54.94 ,$54.94 ,,,($12.24),$43.75 ,-27.98%,-21.86%
838766005218,B00NJE670G,$55.99 ,US,Sports,Vega Nutritional Shake Berry 30oz - Men's,,http://ecx.images-amazon.com/images/I/41Gn9MU%2BtlL.jpg,"361,040",accept,,no,2,0,0,0,0,2,0,0,2,,,,,,$54.99 ,$54.99 ,,,($13.09),$42.90 ,-30.51%,-23.38%
838766005225,B0079BZCVU,$55.99 ,US,Health and Beauty,Vega One All-in-One Nutritional Shake Natural Large Tub 30.4oz,,http://ecx.images-amazon.com/images/I/41jN7X2pypL.jpg,"6,461",accept,,no,2,3,0,0,3,3,0,0,3,$54.99 ,$59.99 ,$59.99 ,,,,,,,($13.09),$42.90 ,-30.51%,-23.38%
838766005225,B00NJE8OKW,$55.99 ,US,Health and Beauty,Vega Nutritional Shake Natural 30oz - Men's,,http://ecx.images-amazon.com/images/I/41Mwh5EU45L.jpg,"321,531",accept,,no,2.25,0,0,0,0,3,0,0,3,,,,,,$57.98 ,$57.98 ,,,($10.55),$45.44 ,-23.22%,-18.84%
838766005232,B0079BZDK0,$55.99 ,US,Health and Beauty,Vega One All-in-One Nutritional Shake Vanilla Chai Large Tub 30.8oz,,http://ecx.images-amazon.com/images/I/41cx2VuiLoL.jpg,"4,523",accept,,no,2,2,0,0,2,10,0,0,10,$54.99 ,$59.99 ,$59.99 ,,,$54.98 ,$54.98 ,,,($13.09),$42.90 ,-30.51%,-23.38%
838766005232,B00HQZ02VE,$55.99 ,US,Health and Beauty,Vega One All-in-One Nutritional Shake - Vanilla Chai SeQuel 30.8 oz Powder,,http://ecx.images-amazon.com/images/I/41tHcBfJmjL.jpg,"158,958",accept,,no,0,0,0,0,0,2,0,0,2,,,,,,$56.99 ,$56.99 ,,,($10.03),$45.96 ,-21.82%,-17.91%
838766005249,B0096DZ5B6,$55.99 ,US,Health and Beauty,Vega One Shake French Vanilla 30 oz,,http://ecx.images-amazon.com/images/I/41AMmMy8-JL.jpg,"74,451",accept,,no,2.25,0,0,0,0,3,0,0,3,,,,,,$60.94 ,$60.94 ,,,($9.20),$46.79 ,-19.66%,-16.43%
838766005249,B00AETJ18O,$55.99 ,US,Health and Beauty,Vega One All-in-One Nutritional Shake French Vanilla Large Tub 30oz,,http://ecx.images-amazon.com/images/I/41qbJjxjR5L.jpg,"1,591",accept,,no,1.82,3,0,0,3,6,0,0,6,$54.99 ,$59.99 ,$59.99 ,,,$64.99 ,$64.99 ,,,($13.09),$42.90 ,-30.51%,-23.38%
838766005256,B007ARW446,$31.99 ,US,Health and Beauty,Vega One All-in-One Nutritional Shake Chocolate Small Tub 16 oz,,http://ecx.images-amazon.com/images/I/413Xs3jnG6L.jpg,"13,691",accept,,no,1,1,0,0,1,2,0,0,2,$32.99 ,,,,,$33.98 ,$33.98 ,,,($7.36),$24.63 ,-29.88%,-23.01%
838766005256,B00HQQBQNG,$31.99 ,US,Health and Beauty,Vega Nutritional Shake Chocolate 15oz,,http://ecx.images-amazon.com/images/I/41o81Rai-fL.jpg,"200,243",accept,,no,0,0,0,0,0,1,0,0,1,,,,,,$62.73 ,$62.73 ,,,$17.91 ,$49.90 ,35.89%,55.99%
838766005256,B00NGAOAV6,$31.99 ,US,Health and Beauty,Vega Nutritional Shake Chocolate 15oz - Men's,,http://ecx.images-amazon.com/images/I/41iaiW30g3L.jpg,"732,891",accept,,no,1.2,0,0,0,0,2,0,0,2,,,,,,$35.94 ,$35.94 ,,,($4.81),$27.18 ,-17.70%,-15.04%
838766005263,B007ARW3VK,$31.99 ,US,Health and Beauty,Vega One All-in-One Nutritional Shake Berry Small Tub 15oz,,http://ecx.images-amazon.com/images/I/415VQkrnR2L.jpg,"34,176",accept,,no,1,1,0,0,1,3,0,0,3,$29.99 ,,,,,$35.94 ,$35.94 ,,,($9.92),$22.07 ,-44.95%,-31.01%
838766005270,B007ARW496,$31.99 ,US,Health and Beauty,Vega One All-in-One Nutritional Shake Natural Small Tub 15.2oz,,http://ecx.images-amazon.com/images/I/41UfHKflYTL.jpg,"25,491",accept,,no,1,1,0,0,1,2,0,0,2,$32.99 ,,,,,$35.94 ,$35.94 ,,,($7.36),$24.63 ,-29.88%,-23.01%
838766005287,B007ARW4DC,$31.99 ,US,Health and Beauty,Vega One All-in-One Nutritional Shake Vanilla Chai Small Tub 15.4oz,,http://ecx.images-amazon.com/images/I/41cnFfgugPL.jpg,"17,064",accept,,no,1,1,0,0,1,4,0,0,4,$32.99 ,,,,,$32.99 ,$32.99 ,,,($7.37),$24.62 ,-29.94%,-23.04%
838766005294,B0096DZZF2,$31.99 ,US,Health and Beauty,Vega One - All-in-One Nutritional Shake-French Vanilla SeQuel 15oz.Powder,,http://ecx.images-amazon.com/images/I/412v3NohuaL.jpg,"178,699",accept,,no,0,0,0,0,0,0,0,0,0,,,,,,,,,,,,,
838766005294,B00CQ7RLUW,$31.99 ,US,Health and Beauty,Vega One All-In-One Nutritional Shake French Vanilla Small Tub 15 oz,,http://ecx.images-amazon.com/images/I/417tRHf3P%2BL.jpg,"17,248",accept,,no,0.91,1,0,0,1,1,0,0,1,$29.99 ,,,,,,,,,($9.91),$22.08 ,-44.88%,-30.98%
838766005300,B007A4WGTW,$31.99 ,US,Health and Beauty,Vega One All-in-One Nutritional Shake Chocolate 10 Count,,http://ecx.images-amazon.com/images/I/41QLdaBVLzL.jpg,"28,962",accept,,no,0.1,2,0,0,2,5,0,0,5,$29.99 ,,,,,$29.03 ,$29.03 ,,,($9.90),$22.09 ,-44.82%,-30.95%
838766005317,B007G480SM,$31.99 ,US,Health and Beauty,Vega One All-in-One Nutritional Shake Berry 10 Count,,http://ecx.images-amazon.com/images/I/41cIlrTbfJL.jpg,"145,184",accept,,no,1,1,2,0,3,3,2,0,5,$29.99 ,$17.23 ,,$17.23 ,,$32.98 ,$32.98 ,,,($9.92),$22.07 ,-44.95%,-31.01%
838766005324,B007A4WHCI,$31.99 ,US,Health and Beauty,Vega - Vega One All-In-One Shake - Natural 10 pack,,http://ecx.images-amazon.com/images/I/41EDQwkSH-L.jpg,"704,108",accept,,no,0.99,0,0,0,0,0,0,0,0,,,,,,,,,,,,,
838766005324,B007G43BV8,$31.99 ,US,Health and Beauty,Vega One All-in-One Nutritional Shake Natural 10 Count,,http://ecx.images-amazon.com/images/I/417wP3cqNAL.jpg,"75,442",accept,,no,0,2,0,0,2,3,0,0,3,,$25.26 ,$25.26 ,,,$35.94 ,$35.94 ,,,($13.93),$18.06 ,-77.13%,-43.54%
838766005331,B007G43D52,$31.99 ,US,Health and Beauty,Vega One All-in-One Nutritional Shake Vanilla Chai 10 Count,,http://ecx.images-amazon.com/images/I/41gUNvdrrLL.jpg,"59,727",accept,,no,0.1,1,0,0,1,4,0,0,4,$29.99 ,,,,,$29.00 ,$29.00 ,,,($9.92),$22.07 ,-44.95%,-31.01%
838766005348,B009SRYRMS,$31.99 ,US,Health and Beauty,Vega One All-in-One Nutritional Shake French Vanilla 10 Count,,http://ecx.images-amazon.com/images/I/411duQse50L.jpg,"28,298",accept,,no,0.09,1,1,0,2,3,1,0,4,$29.99 ,$27.66 ,,$27.66 ,,$32.98 ,$32.98 ,,,($9.91),$22.08 ,-44.88%,-30.98%
838766005355,B007JNVL2W,$3.19 ,US,Health and Beauty,Vega One All-In-One Nutritional Shake Chocolate Single Packet,,http://ecx.images-amazon.com/images/I/41%2B7mESPXEL.jpg,"414,103",accept,,no,0.05,0,0,0,0,0,0,0,0,,,,,,,,,,,,,
838766005362,B007JNUVYG,$3.19 ,US,Health and Beauty,Vega One All-In-One Nutritional Shake Berry Single Packet,,http://ecx.images-amazon.com/images/I/31l3pMHraML.jpg,"530,524",accept,,no,0.1,0,0,0,0,0,0,0,0,,,,,,,,,,,,,
838766005379,B007OM2DP2,$3.19 ,US,Health and Beauty,Vega One  All-in-one Nutritional Shake - Snack Pack - Natural  Dairy Gluten Soy Free No Sugar Added,,http://ecx.images-amazon.com/images/I/41o1cORDhjL.jpg,"663,804",accept,,no,0,0,0,0,0,0,0,0,0,,,,,,,,,,,,,
838766005386,B007JNUSAS,$3.19 ,US,Health and Beauty,Vega One All-In-One Nutritional Shake Vanilla Chai Single Packet,,http://ecx.images-amazon.com/images/I/515%2BPh0ePGL.jpg,"412,885",accept,,no,0.2,0,0,0,0,0,0,0,0,,,,,,,,,,,,,
838766005393,B00HUZ326M,$3.19 ,US,Health and Beauty,Vega One: All-in-One Nutritional Shake (1.3oz Single) French Vanilla,,http://ecx.images-amazon.com/images/I/31psbdq4fRL.jpg,,accept,,,,0,0,0,0,0,0,0,0,,,,,,,,,,,,,
0,B0001IMAB8,,US,Music,Love EP,AMK Kelvin Kwan Anson Mak Hui Wai Sum Thomas Tang,http://g-ecx.images-amazon.com/images/G/01/x-site/icons/no-img-sm.gif,"2,454,374",accept,,,,0,0,0,0,0,0,0,0,,,,,,,,,,,,,
0,B0002EP31K,,US,Music,Olympia 71 (Import),Michel Sardou,http://ecx.images-amazon.com/images/I/41B55FEQ3FL.jpg,"2,460,889",accept,,,,0,0,0,0,0,0,0,0,,,,,,,,,,,,,
0,B0002H7GXU,,US,Music,Boston Harbor Disp2-accent Solar Accent Display Module,59 Times the Pain,http://ecx.images-amazon.com/images/I/41veilGASSL.jpg,"2,421,626",accept,,,,0,0,0,0,1,1,0,2,,,,,,$13.37 ,$13.38 ,$13.37 ,,,,,
0,B0002HNLGG,,US,Music,Shrewd - A Compilation of NZ Women's Music,Various,http://ecx.images-amazon.com/images/I/4133E9GKBEL.jpg,"2,457,292",accept,,,,0,0,0,0,3,0,0,3,,,,,,$21.97 ,$21.97 ,,,,,,
0,B000E47NIY,,US,Toy,Animal Friends Puzzle,,http://ecx.images-amazon.com/images/I/41bBGWVicFL.jpg,"1,954,331",accept,,no,0,0,0,0,0,8,0,0,8,,,,,,$123.75 ,$123.75 ,,,$102.71 ,$102.71 ,,
0,B000E47NJS,,US,Toy,Make Your Own Doggie Treats,,http://ecx.images-amazon.com/images/I/41mQqvFQoZL.jpg,,accept,,no,0,0,0,0,0,0,0,0,0,,,,,,,,,,,,,
838766006031,B007XA47SG,$15.99 ,US,Health and Beauty,Vega Protein Smoothie Choc-a-lot Pouch9.2 OZ./260g,,http://ecx.images-amazon.com/images/I/41UAhczyBAL.jpg,"5,521",accept,,no,0.56,1,1,0,2,8,1,0,9,$14.54 ,$13.73 ,,$13.73 ,,$15.99 ,$15.99 ,,,($6.23),$9.76 ,-63.83%,-38.96%
838766006109,B00F2J8JCK,$15.99 ,US,Health and Beauty,Vega Energizing Smoothie Drink Mix,,http://ecx.images-amazon.com/images/I/31myYRQrhyL.jpg,"448,174",accept,,no,0,0,0,0,0,0,0,0,0,,,,,,,,,,,,,
838766006116,B007Y94Q6O,$15.99 ,US,Health and Beauty,Vega Protein Smoothie Bodacious Berry Pouch 9.2oz,,http://ecx.images-amazon.com/images/I/51-Dz-Z9DOL.jpg,"17,506",accept,,no,0.56,2,0,0,2,10,0,0,10,$15.99 ,,,,,$15.99 ,$15.99 ,,,($4.99),$11.00 ,-45.36%,-31.21%
838766006123,B007Y94PQ0,$15.99 ,US,Health and Beauty,Vega Protein Smoothie 8.9 oz Pouch Natural,,http://ecx.images-amazon.com/images/I/51G5X4u9MXL.jpg,"41,527",accept,,no,0,2,0,0,2,5,0,0,5,$16.79 ,$19.99 ,$19.99 ,,,$19.48 ,$19.48 ,,,($4.31),$11.68 ,-36.90%,-26.95%
838766006130,B007Y94Q1E,$15.99 ,US,Health and Beauty,Vega Protein Smoothie Tropical Tango Pouch 9 oz.,,http://ecx.images-amazon.com/images/I/41J8vZRxHgL.jpg,"27,593",accept,,no,0.56,2,0,0,2,9,0,0,9,$16.03 ,$19.99 ,$19.99 ,,,$15.98 ,$15.98 ,,,($4.95),$11.04 ,-44.84%,-30.96%
838766006147,B007XA47FY,$15.99 ,US,Health and Beauty,Vega Protein Smoothie Vanilla Pouch,,http://ecx.images-amazon.com/images/I/416XQ3uLh5L.jpg,"7,000",accept,,no,0.56,2,0,0,2,8,0,0,8,$17.55 ,$19.99 ,$19.99 ,,,$15.99 ,$15.99 ,,,($3.66),$12.33 ,-29.68%,-22.89%
838766006208,B007Y8WN5G,$19.19 ,US,Health and Beauty,Vega Protein Smoothie Choc-a-lot 12 Pack,,http://ecx.images-amazon.com/images/I/41v1gbyU5RL.jpg,"18,859",accept,,no,0.56,2,0,0,2,8,0,0,8,$18.99 ,$24.99 ,$24.99 ,,,$19.19 ,$19.19 ,,,($6.47),$12.72 ,-50.86%,-33.72%
838766006215,,$19.19 ,US,,,,,,abort,"Your search for ""838766006215"" did not match any products.",,,0,0,0,0,0,0,0,0,,,,,,,,,,,,,
838766006222,B007Y94UNI,$19.19 ,US,Health and Beauty,Vega Protein Smoothie Natural 12 Count,,http://ecx.images-amazon.com/images/I/5112p6MD9qL.jpg,"123,286",accept,,no,0.56,3,0,0,3,7,0,0,7,,$16.99 ,$16.99 ,,,$17.99 ,$17.99 ,,,($8.17),$11.02 ,-74.14%,-42.57%
838766006239,B007XA48ZI,$19.19 ,US,Health and Beauty,Vega Protein Smoothie Tropical Tango 12 Count,,http://ecx.images-amazon.com/images/I/516FzsaJbNL.jpg,"37,074",accept,,no,0.56,3,0,0,3,10,0,0,10,,$16.99 ,$16.99 ,,,$18.98 ,$18.98 ,,,($8.17),$11.02 ,-74.14%,-42.57%
838766006246,B007XA48Q2,$19.19 ,US,Health and Beauty,Vega Protein Smoothie Vanilla 12 Count,,http://ecx.images-amazon.com/images/I/411tapmudOL.jpg,"18,062",accept,,no,0,3,1,0,4,9,1,0,10,$18.99 ,$17.37 ,$18.40 ,$17.37 ,,$19.19 ,$19.19 ,,,($5.68),$13.51 ,-42.04%,-29.60%
838766006031,B007XA47SG,$1.59 ,US,Health and Beauty,Vega Protein Smoothie Choc-a-lot Pouch9.2 OZ./260g,,http://ecx.images-amazon.com/images/I/41UAhczyBAL.jpg,"5,521",accept,,no,0.56,1,1,0,2,8,1,0,9,$14.54 ,$13.73 ,,$13.73 ,,$15.99 ,$15.99 ,,,$8.17 ,$9.76 ,83.71%,513.84%
838766006031,B008JEIHYA,$1.59 ,US,Health and Beauty,Vega Energizing Smoothie Choc-A-Lot Single Serving,,http://ecx.images-amazon.com/images/I/51-d05vHXYL.jpg,"799,100",accept,,no,0.04,0,0,0,0,0,0,0,0,,,,,,,,,,,,,
838766006048,,$1.59 ,US,,,,,,abort,"Your search for ""838766006048"" did not match any products.",,,0,0,0,0,0,0,0,0,,,,,,,,,,,,,
838766006055,B00DE1LGGY,$1.59 ,US,Single Detail Page Misc,Vega Energizing Smoothie - Natural 22.2g,,http://g-ecx.images-amazon.com/images/G/01/x-site/icons/no-img-sm.gif,,accept,,no,2.3,0,0,0,0,0,0,0,0,,,,,,,,,,,,,
838766006062,,$1.59 ,US,,,,,,abort,"Your search for ""838766006062"" did not match any products.",,,0,0,0,0,0,0,0,0,,,,,,,,,,,,,
838766006079,,$1.59 ,US,,,,,,abort,"Your search for ""838766006079"" did not match any products.",,,0,0,0,0,0,0,0,0,,,,,,,,,,,,,
838766080338,B00MA7SKG2,$38.22 ,US,Health and Beauty,Vega - Vega One Chocolate Coconut Cashew 12 bars,,http://ecx.images-amazon.com/images/I/31a2RIHRgZL.jpg,,accept,,no,0,0,0,0,0,1,0,0,1,,,,,,$55.00 ,$55.00 ,,,$6.05 ,$44.27 ,13.67%,15.83%
838766080338,B00NK6I256,$38.22 ,US,Health and Beauty,Vega OneBar Chocolate Coconut Cashew One Size - Men's,,http://ecx.images-amazon.com/images/I/51B47aOXllL.jpg,"86,973",accept,,no,0.3,0,0,0,0,0,0,0,0,,,,,,,,,,,,,
838766080338,B00O951CY0,$38.22 ,US,Health and Beauty,Vega One All-in-One Meal Bar Chocolate Coconut Cashew 12 Count  Pack of 4,,http://ecx.images-amazon.com/images/I/41tHELHzGzL.jpg,"128,821",accept,,no,2.71,0,0,0,0,0,0,0,0,,,,,,,,,,,,,
838766080345,B00NBZAVTG,$38.22 ,US,Health and Beauty,Vega - Vega One Chocolate Peanut Butter 12 bars,,http://g-ecx.images-amazon.com/images/G/01/x-site/icons/no-img-sm.gif,,accept,,no,0,0,0,0,0,0,0,0,0,,,,,,,,,,,,,
838766080345,B00NFCN95I,$38.22 ,US,Health and Beauty,Vega One All-In-One Meal Bars-Chocolate Peanut Butter Box SeQuel 12(2.26oz) Box,,http://ecx.images-amazon.com/images/I/41WomtRNWhL.jpg,"181,552",accept,,no,0,0,0,0,0,0,0,0,0,,,,,,,,,,,,,
838766080345,B00NK6KUNS,$38.22 ,US,Health and Beauty,Vega OneBar Chocolate Peanut Butter2.26 oz each-12 count,,http://ecx.images-amazon.com/images/I/51oRqNWn5IL.jpg,"207,996",accept,,no,1.75,0,0,0,0,0,0,0,0,,,,,,,,,,,,,
838766080352,B00IZO6MYG,$38.22 ,US,Grocery,Vega One Plant Based Meal Bar 12 Count Chocolate Cherry Almond,,http://ecx.images-amazon.com/images/I/41Hvx99UsWL.jpg,,accept,,,,0,0,0,0,0,0,0,0,,,,,,,,,,,,,
838766080352,B00MA80F1Y,$38.22 ,US,Health and Beauty,Vega - VEGA ONE - Chocolate Cherry Almond 12 bars,,http://ecx.images-amazon.com/images/I/31NbFG2JD0L.jpg,,accept,,no,1.85,0,0,0,0,0,0,0,0,,,,,,,,,,,,,
838766080352,B00NK6GRKI,$38.22 ,US,Health and Beauty,Vega OneBar Chocolate Cherry Almond One Size - Men's,,http://ecx.images-amazon.com/images/I/51fs0B4A81L.jpg,"78,729",accept,,no,1.75,0,0,0,0,0,0,0,0,,,,,,,,,,,,,
838766080307,,$3.19 ,US,,,,,,abort,"Your search for ""838766080307"" did not match any products.",,,0,0,0,0,0,0,0,0,,,,,,,,,,,,,
838766080314,,$3.19 ,US,,,,,,abort,"Your search for ""838766080314"" did not match any products.",,,0,0,0,0,0,0,0,0,,,,,,,,,,,,,
838766080321,B00IZO6JZ8,$3.19 ,US,Health and Beauty,Vega - Vega One All-In-One Meal Bar Chocolate Cherry Almond - 2.26 oz.,,http://ecx.images-amazon.com/images/I/315Iau0L1cL.jpg,"749,158",accept,,no,0,0,0,0,0,0,0,0,0,,,,,,,,,,,,,
838766080321,B00O956JXO,$3.19 ,US,Health and Beauty,Vega One All-in-One Meal Bar Chocolate Cherry Almond 12 Count,,http://ecx.images-amazon.com/images/I/41Hvx99UsWL.jpg,"219,289",accept,,no,0,0,0,0,0,0,0,0,0,,,,,,,,,,,,,
838766080062,B00IZO6CUA,$23.83 ,US,Health and Beauty,Vega Snack Bar Chocolate Nuts & Sea Salt 12 Count,,http://ecx.images-amazon.com/images/I/511OyIsBOAL.jpg,"163,385",accept,,no,0,0,0,0,0,0,0,0,0,,,,,,,,,,,,,
838766080062,B00NK5F57K,$23.83 ,US,Health and Beauty,Vega Snack Bar Dark Chocolate Mixed Nuts & Sea Salt-Box SeQuel 12 Box,,http://ecx.images-amazon.com/images/I/41Bb1OhjbOL.jpg,"231,623",accept,,no,0,0,0,0,0,2,0,0,2,,,,,,$28.60 ,$28.60 ,,,($2.00),$21.83 ,-9.16%,-8.39%
838766080079,B00IZO6DT0,$23.83 ,US,Health and Beauty,Vega Snack Bar Chocolate Peanut Butter 1.48 oz 12 Count,,http://ecx.images-amazon.com/images/I/51cyi3RDUEL.jpg,"167,397",accept,,no,0,0,0,0,0,0,0,0,0,,,,,,,,,,,,,
838766080079,B00NK5NHUM,$23.83 ,US,Health and Beauty,Vega Snack Bar Chocolate Peanut Butter Cup-Box SeQuel 12(1.48oz) Box,,http://ecx.images-amazon.com/images/I/511cbahckyL.jpg,"316,316",accept,,no,0.2,0,0,0,0,0,0,0,0,,,,,,,,,,,,,
838766080086,B00IZO6EQ2,$23.83 ,US,Health and Beauty,Vega Snack Bar Coconut Cashew 12 Count,,http://ecx.images-amazon.com/images/I/51e-OEo8QtL.jpg,"59,962",accept,,no,0,2,0,0,2,4,0,0,4,,$20.00 ,$20.00 ,,,$35.06 ,$35.06 ,,,($10.24),$13.59 ,-75.35%,-42.97%
838766080086,B00NK5PG06,$23.83 ,US,Health and Beauty,Vega Snack Bar Coconut Cashew-Box SeQuel 12(1.48oz) Box,,http://ecx.images-amazon.com/images/I/51yeo4fQrkL.jpg,"347,639",accept,,no,0.2,0,0,0,0,3,0,0,3,,,,,,$28.74 ,$28.74 ,,,($2.81),$21.02 ,-13.37%,-11.79%
838766080093,B00IZO6FL6,$23.83 ,US,Health and Beauty,Vega Snack Bar Cranberry Almond 12 Count,,http://ecx.images-amazon.com/images/I/51pXpHPdrIL.jpg,"68,979",accept,,no,1.25,2,0,0,2,3,0,0,3,,$22.99 ,$22.99 ,,,$38.74 ,$38.74 ,,,($7.69),$16.14 ,-47.65%,-32.27%
838766080093,B00NK5UK3E,$23.83 ,US,Health and Beauty,Vega Snack Bar Cranberry Almond Box SeQuel 12(1.48oz) Box,,http://ecx.images-amazon.com/images/I/51GhqmWAbQL.jpg,"480,213",accept,,no,0.2,0,0,0,0,3,0,0,3,,,,,,$28.74 ,$28.74 ,,,($2.82),$21.01 ,-13.42%,-11.83%
838766080109,B00IZO6GC4,$23.83 ,US,Health and Beauty,Vega Snack Bar Chocolate Cashew Cherry 12 Count,,http://ecx.images-amazon.com/images/I/51LRMKshsCL.jpg,"47,796",accept,,no,1.3,2,0,0,2,3,0,0,3,$27.29 ,$26.33 ,$26.33 ,,,$38.74 ,$38.74 ,,,($4.04),$19.79 ,-20.41%,-16.95%
838766080109,B00NK5E602,$23.83 ,US,Health and Beauty,Vega Snack Bar Dark Chocolate Cashew Cherry Box SeQuel 12(1.48oz) Box,,http://ecx.images-amazon.com/images/I/31oTU5VTviL.jpg,"73,789",accept,,no,0.2,0,0,0,0,2,0,0,2,,,,,,$29.78 ,$29.78 ,,,($1.93),$21.90 ,-8.81%,-8.10%
838766080000,B00IZO68FY,$1.99 ,US,Health and Beauty,Vega - Snack Bar Dark Chocolate Mixed Nuts & Sea Salt - 1.48 oz.,,http://ecx.images-amazon.com/images/I/41W9POeAEOL.jpg,"587,791",accept,,no,0,0,0,0,0,0,0,0,0,,,,,,,,,,,,,
838766080017,,$1.99 ,US,,,,,,abort,"Your search for ""838766080017"" did not match any products.",,,0,0,0,0,0,0,0,0,,,,,,,,,,,,,
838766080024,B00IZO6AH0,$1.99 ,US,Health and Beauty,Vega SnackBar Cashew Coconut,,http://ecx.images-amazon.com/images/I/41mFYA-epGL.jpg,,accept,,no,0,0,0,0,0,0,0,0,0,,,,,,,,,,,,,
838766080031,B00IZO6BCY,$1.99 ,US,Health and Beauty,Vega - Snack Bar Cranberry Almond - 1.48 oz.,,http://ecx.images-amazon.com/images/I/41Rf-XxxCYL.jpg,"1,050,896",accept,,no,0,0,0,0,0,0,0,0,0,,,,,,,,,,,,,
838766080048,B00IZO6C9G,$1.99 ,US,Health and Beauty,Vega - Snack Bar Dark Chocolate Cashew Cherry - 1.48 oz.,,http://ecx.images-amazon.com/images/I/41l-hF9YrUL.jpg,"884,436",accept,,no,0,0,0,0,0,0,0,0,0,,,,,,,,,,,,,
838766007052,B005MJCL2O,$39.99 ,US,Health and Beauty,Vega Sport Pre-Workout Energizer Lemon Lime 19 oz. Tub,,http://ecx.images-amazon.com/images/I/41eFc1qYA2L.jpg,"4,097",accept,,no,1.4,6,0,0,6,13,0,0,13,,$33.01 ,$33.01 ,,,$39.99 ,$39.99 ,,,($15.32),$24.67 ,-62.10%,-38.31%
838766007069,B005MJCLMY,$39.99 ,US,Health and Beauty,Vega Sport Pre-Workout Energizer Acai Berry Tub 19oz,,http://ecx.images-amazon.com/images/I/41sLIUoX6BL.jpg,"5,142",accept,,no,1.19,4,0,0,4,10,0,0,10,,$39.99 ,$39.99 ,,,$42.98 ,$42.98 ,,,($9.39),$30.60 ,-30.69%,-23.48%
838766007069,B00FX7B0I6,$39.99 ,US,Health and Beauty,Vega Sport Pre-Workout Energizer Acai Berry - 19 oz - Powder,,http://ecx.images-amazon.com/images/I/41G7tNCWPWL.jpg,"298,459",accept,,no,0,0,0,0,0,0,0,0,0,,,,,,,,,,,,,
838766007151,B006G5D4TM,$23.99 ,US,Health and Beauty,Vega Sport Pre-Workout Energizer Lemon Lime 12 Count,,http://ecx.images-amazon.com/images/I/41cJf9m4evL.jpg,"61,242",accept,,no,0.6,3,0,0,3,9,0,0,9,,$18.00 ,$18.00 ,,,$17.34 ,$17.34 ,,,($11.29),$12.70 ,-88.90%,-47.06%
838766007168,B005SYR7M2,$23.99 ,US,Health and Beauty,Vega Sport Pre-Workout Energizer Acai Berry 12 Count,,http://ecx.images-amazon.com/images/I/41Iqa7zeO7L.jpg,"71,032",accept,,no,0.6,3,0,0,3,10,0,0,10,,$19.99 ,$19.99 ,,,$19.84 ,$19.84 ,,,($9.64),$14.35 ,-67.18%,-40.18%
838766007250,B00654O0BU,$1.99 ,US,Health and Beauty,Vega Sport - Prepare (Lemon Lime),,http://ecx.images-amazon.com/images/I/41aaY5jMmPL.jpg,"662,878",accept,,no,0.05,0,0,0,0,0,0,0,0,,,,,,,,,,,,,
838766007250,B007J5OHQM,$1.99 ,US,Health and Beauty,Vega Sport Pre-workout Energizer Single 3 PAK - Lemon Lime 18g/0.6oz Pouche (Dairy Gluten & Soy Free)  Natural Plant-based,,http://ecx.images-amazon.com/images/I/41d%2BtqmOHNL.jpg,"756,923",accept,,no,0.15,0,0,0,0,0,0,0,0,,,,,,,,,,,,,
838766007267,B005WCK3KS,$1.99 ,US,Health and Beauty,Vega Sport - Prepare (Acai Berry),,http://ecx.images-amazon.com/images/I/41jA7q2zTWL.jpg,"567,048",accept,,no,0.1,0,0,0,0,0,0,0,0,,,,,,,,,,,,,
838766007267,B007J5MY8U,$1.99 ,US,Health and Beauty,Vega Sport Pre-workout Energizer Single 3 PAK - Acai Berry 18g/0.06oz Pouche (Dairy Gluten & Soy Free)  Natural Plant-based,,http://ecx.images-amazon.com/images/I/410hIbpGF9L.jpg,"706,540",accept,,,,0,0,0,0,0,0,0,0,,,,,,,,,,,,,
838766007076,B00DYPMIXU,$39.99 ,US,Health and Beauty,Vega Sport Sugar-Free Energizer Lemon Lime 4.8 oz. Tub,,http://ecx.images-amazon.com/images/I/41qZ%2B7lsLBL.jpg,"24,701",accept,,no,0,4,0,0,4,10,0,0,10,$26.41 ,$44.99 ,$44.99 ,,,$19.95 ,$19.95 ,,,($20.12),$19.87 ,-101.26%,-50.31%
838766007083,B00DYPMF7Y,$39.99 ,US,Health and Beauty,Vega Sport Sugar-Free Energizer Acai Berry Tub 4.5oz,,http://ecx.images-amazon.com/images/I/41geDWPu5pL.jpg,"12,083",accept,,no,0.38,2,0,0,2,9,0,0,9,$37.32 ,$44.99 ,$44.99 ,,,$28.55 ,$28.55 ,,,($10.85),$29.14 ,-37.23%,-27.13%
838766007175,B00DYPMGN2,$39.99 ,US,Health and Beauty,Vega Sport Sugar-Free Energizer Lemon Lime 30 Count,,http://ecx.images-amazon.com/images/I/51hZOtLEBoL.jpg,"160,361",accept,,no,0.24,3,0,0,3,6,0,0,6,,$30.99 ,$30.99 ,,,$33.07 ,$33.07 ,,,($16.25),$23.74 ,-68.45%,-40.64%
838766007182,B00DYPMCO0,$39.99 ,US,Health and Beauty,Vega Sport Sugar-Free Energizer Acai Berry 30 Count,,http://ecx.images-amazon.com/images/I/41egvn-F-IL.jpg,"85,439",accept,,no,0.25,3,0,0,3,6,0,0,6,,$31.00 ,$31.00 ,,,$37.49 ,$37.49 ,,,($16.24),$23.75 ,-68.38%,-40.61%
838766007274,,,US,,,,,,abort,"Your search for ""838766007274"" did not match any products.",,,0,0,0,0,0,0,0,0,,,,,,,,,,,,,
838766007281,,,US,,,,,,abort,"Your search for ""838766007281"" did not match any products.",,,0,0,0,0,0,0,0,0,,,,,,,,,,,,,
838766080260,B00NK5X8TC,$28.63 ,US,Health and Beauty,Vega Sport Energy BarApple Cherry Box SeQuel 12 (1.76oz) Box,,http://ecx.images-amazon.com/images/I/31lGlc48JKL.jpg,"250,999",accept,,no,0.2,0,0,0,0,2,0,0,2,,,,,,$34.58 ,$34.58 ,,,($2.64),$25.99 ,-10.16%,-9.22%
838766080260,B00O952P28,$28.63 ,US,Health and Beauty,Vega Sport Energy Bar Apple Cherry 12 Count,,http://ecx.images-amazon.com/images/I/41gp0cMf6uL.jpg,,accept,,no,1.59,1,0,0,1,1,0,0,1,$87.21 ,,,,,,,,,$41.79 ,$70.42 ,59.34%,145.97%
838766080277,B00MGDKX1K,$28.63 ,US,Health and Beauty,Vega Sport Energy Bar Chocolate Coconut Almond 1.76 oz12 Count,,http://ecx.images-amazon.com/images/I/51X%2BMxWhU8L.jpg,"353,394",accept,,no,0,0,0,0,0,0,0,0,0,,,,,,,,,,,,,
838766080277,B00NK6EI5E,$28.63 ,US,Health and Beauty,Vega EnergyBar Chocolate Coconut Almond One Size - Men's,,http://ecx.images-amazon.com/images/I/51hx-8oxhtL.jpg,"209,700",accept,,no,0.2,0,0,0,0,3,0,0,3,,,,,,$33.94 ,$33.94 ,,,($3.18),$25.45 ,-12.50%,-11.11%
838766080277,B00O953XJ2,$28.63 ,US,Health and Beauty,Vega Sport Energy Bar Chocolate Coconut Almond 1.76 oz12 Count,,http://ecx.images-amazon.com/images/I/41bxe0WspCL.jpg,"314,207",accept,,no,0,1,0,0,1,1,0,0,1,$81.22 ,,,,,,,,,$37.01 ,$65.64 ,56.38%,129.27%
838766080246,B00IZO6ER6,$2.39 ,US,Health and Beauty,Vega - Vega Sport Immediate + Sustained Energy Bar Apple Cherry - 1.76 oz.,,http://ecx.images-amazon.com/images/I/51nbYmWKjtL.jpg,,accept,,no,0,0,0,0,0,1,0,0,1,,,,,,$8.44 ,$8.44 ,,,$2.30 ,$4.69 ,49.04%,96.23%
838766080253,B00IZO6FGQ,$2.39 ,US,Health and Beauty,Vega - Vega Sport Immediate + Sustained Energy Bar Chocolate Coconut Almond - 1.76 oz.,,http://ecx.images-amazon.com/images/I/51ANPjOULnL.jpg,,accept,,no,0,0,0,0,0,1,0,0,1,,,,,,$8.44 ,$8.44 ,,,$2.30 ,$4.69 ,49.04%,96.23%
838766007571,B00DYPMFZG,$23.99 ,US,Health and Beauty,Vega Sport Electrolyte Hydrator Lemon Lime Tub 6.2oz,,http://ecx.images-amazon.com/images/I/41fCmgbNPQL.jpg,"21,173",accept,,no,0.45,5,0,0,5,8,0,0,8,,$19.99 ,$19.99 ,,,$28.98 ,$28.98 ,,,($9.59),$14.40 ,-66.60%,-39.97%
838766007571,B00NIHVKV0,$23.99 ,US,Health and Beauty,Vega Sport Electrolyte Hydrator Lemon Lime Tub - Men's,,http://ecx.images-amazon.com/images/I/41QAVfZFNIL.jpg,"456,155",accept,,no,0.5,0,0,0,0,0,0,0,0,,,,,,,,,,,,,
838766007588,B00DYPMDAS,$23.99 ,US,Health and Beauty,Vega Sport Electrolyte Hydrator Berry Tub 5.2oz,,http://ecx.images-amazon.com/images/I/41dPn27zfsL.jpg,"14,902",accept,,no,0.45,5,1,0,6,9,1,0,10,$23.99 ,$22.12 ,$26.99 ,$22.12 ,,$23.00 ,$23.00 ,,,($6.18),$17.81 ,-34.70%,-25.76%
838766007588,B00NIHU82W,$23.99 ,US,Health and Beauty,Vega Sport Electrolyte Hydrator 5 oz Tub Berry,,http://ecx.images-amazon.com/images/I/41dLl2w-tuL.jpg,"610,024",accept,,no,0.5,0,0,0,0,0,0,0,0,,,,,,,,,,,,,
838766007557,B005QDXR2E,$23.99 ,US,Health and Beauty,Vega Sport Electrolyte Hydrator Lemon Lime 30 Count,,http://ecx.images-amazon.com/images/I/4172GPW2%2BJL.jpg,"51,298",accept,,no,0.35,3,0,0,3,9,0,0,9,$23.99 ,$26.99 ,$26.99 ,,,$23.99 ,$23.99 ,,,($6.19),$17.80 ,-34.78%,-25.80%
838766007564,B005QDXRBU,$23.99 ,US,Health and Beauty,Vega Sport Electrolyte Hydrator Berry 30 Count,,http://ecx.images-amazon.com/images/I/41ENyNcZsUL.jpg,"20,879",accept,,no,0,2,0,0,2,8,0,0,8,$23.79 ,$26.99 ,$26.99 ,,,$21.99 ,$21.99 ,,,($6.37),$17.62 ,-36.15%,-26.55%
838766007502,B00654O268,$0.79 ,US,Health and Beauty,Vega Sport Electrolyte Hydrator Single - Lemon Lime,,http://ecx.images-amazon.com/images/I/31fVxMz7WZL.jpg,"746,764",accept,,,,0,0,0,0,0,0,0,0,,,,,,,,,,,,,
838766007502,B006WSW606,$0.79 ,US,Health and Beauty,Vega Sport Electrolyte Hydrator Single - 3 PAK (LEMON - LIME),,http://ecx.images-amazon.com/images/I/41AOwIkQ1aL.jpg,,accept,,,,0,0,0,0,0,0,0,0,,,,,,,,,,,,,
838766007502,B007J5K392,$0.79 ,US,Health and Beauty,Vega Sport Electrolyte Hydrator Single - Lemon Lime - 6 PAK,,http://ecx.images-amazon.com/images/I/41AOwIkQ1aL.jpg,"824,978",accept,,,,0,0,0,0,0,0,0,0,,,,,,,,,,,,,
838766007519,B005XNXCMC,$0.79 ,US,Health and Beauty,Nature's Way Alive Children's Multi-Vitamin Chewableable Tablets 120 Count,,http://ecx.images-amazon.com/images/I/51EnCXc2D1L.jpg,"2,427",accept,,no,0.54,1,0,0,1,44,0,0,44,$10.19 ,,,,,$9.63 ,$9.63 ,,,$5.26 ,$6.05 ,86.94%,665.82%
838766007519,B007A555D0,$0.79 ,US,Health and Beauty,Vega Sport Electrolyte Hydrator Single - POM-BERRY 2 PAK,,http://ecx.images-amazon.com/images/I/41aYDqldRfL.jpg,"1,075,309",accept,,,,0,0,0,0,0,0,0,0,,,,,,,,,,,,,
838766007519,B007IX514M,$0.79 ,US,Health and Beauty,Vega Sport Electrolyte Hydrator Single - 3 PAK (POM - BERRY),,http://ecx.images-amazon.com/images/I/41oXSKLj2eL.jpg,"1,005,741",accept,,,,0,0,0,0,0,0,0,0,,,,,,,,,,,,,
838766007519,B007J5KAA4,$0.79 ,US,Health and Beauty,Vega Sport Electrolyte Hydrator Single - Pom-Berry - 6 PAK,,http://ecx.images-amazon.com/images/I/41oXSKLj2eL.jpg,"836,839",accept,,,,0,0,0,0,0,0,0,0,,,,,,,,,,,,,
838766007519,B00CQ7OVVO,$0.79 ,US,Health and Beauty,Vega Sport - Natural Plant Based Electrolyte Hydrator Pom-Berry - 0.13 oz.,,http://ecx.images-amazon.com/images/I/51CbQ6-HnsL.jpg,"620,052",accept,,no,0,0,0,0,0,0,0,0,0,,,,,,,,,,,,,
838766007755,B005QDXSOG,$19.19 ,US,Health and Beauty,Vega Sport Endurance Gel Raspberry 12 Count,,http://ecx.images-amazon.com/images/I/41x6m65%2B-bL.jpg,"13,288",accept,,no,0.62,1,0,0,1,3,0,0,3,$18.99 ,,,,,$19.19 ,$19.19 ,,,($6.46),$12.73 ,-50.75%,-33.66%
838766007755,B00NK54ZFS,$19.19 ,US,Health and Beauty,Vega Sport Endurance Gel Raspberry -- 1.6 oz,,http://ecx.images-amazon.com/images/I/51zfquXViPL.jpg,"485,098",accept,,no,0,0,0,0,0,3,0,0,3,,,,,,$23.98 ,$23.98 ,,,($1.29),$17.90 ,-7.21%,-6.72%
838766007762,B005SII1QO,$19.19 ,US,Health and Beauty,Vega Sport Endurance Gel Orange 12 Count,,http://ecx.images-amazon.com/images/I/41ClXMYE-5L.jpg,"41,348",accept,,no,0.62,2,0,0,2,6,0,0,6,$18.99 ,,,,,$18.99 ,$18.99 ,,,($6.46),$12.73 ,-50.75%,-33.66%
838766007762,B00H4GI244,$19.19 ,US,Health and Beauty,Vega Sport Endurance Gels Orange Box of 12 - Men's,,http://ecx.images-amazon.com/images/I/51OoY4uCDHL.jpg,"358,813",accept,,no,1.4,0,0,0,0,1,0,0,1,,,,,,$25.38 ,$25.38 ,,,($1.02),$18.17 ,-5.61%,-5.32%
838766007700,B005P0I9VM,$1.59 ,US,Health and Beauty,Vega - Vega Sport Natural Plant Based Endurance Gel Raspberry - 1.6 oz.,,http://ecx.images-amazon.com/images/I/51KHy25OXeL.jpg,"268,723",accept,,no,0,0,0,0,0,2,0,0,2,,,,,,$7.16 ,$7.16 ,,,$2.02 ,$3.61 ,55.96%,127.04%
838766107717,,$1.59 ,US,,,,,,abort,"Your search for ""838766107717"" did not match any products.",,,0,0,0,0,0,0,0,0,,,,,,,,,,,,,
838766009018,B005P0K5GO,$31.99 ,US,Health and Beauty,Vega Sport Recovery Accelerator Apple Berry Tub 19oz,,http://ecx.images-amazon.com/images/I/4103qSqQEdL.jpg,"4,814",accept,,no,0,2,0,0,2,9,0,0,9,$29.99 ,$34.99 ,$34.99 ,,,$31.99 ,$31.99 ,,,($9.89),$22.10 ,-44.75%,-30.92%
838766009025,B005P0K67W,$31.99 ,US,Health and Beauty,Vega Sport Recovery Accelerator Tropical Tub 19oz,,http://ecx.images-amazon.com/images/I/41FWKS-K1XL.jpg,"5,741",accept,,no,1.4,1,0,0,1,8,0,0,8,$31.99 ,,,,,$31.99 ,$31.99 ,,,($8.19),$23.80 ,-34.41%,-25.60%
838766009117,B005QDXWD8,$23.99 ,US,Health and Beauty,Vega Sport Recovery Accelerator Apple Berry 12 Count,,http://ecx.images-amazon.com/images/I/4146cv8w2bL.jpg,"97,441",accept,,no,0,4,1,0,5,7,1,0,8,,$13.23 ,$17.95 ,$13.23 ,,$23.99 ,$23.99 ,,,($15.34),$8.65 ,-177.34%,-63.94%
838766009124,B005QDXWSI,$23.99 ,US,Health and Beauty,Vega Sport Recovery Accelerator Tropical 12 Count,,http://ecx.images-amazon.com/images/I/41YvaVUJ23L.jpg,"52,930",accept,,no,0.85,4,1,0,5,7,1,0,8,,$16.84 ,$18.00 ,$16.84 ,,$23.99 ,$23.99 ,,,($13.07),$10.92 ,-119.69%,-54.48%
838766009216,B00654O0U6,$1.99 ,US,Health and Beauty,Vega Sport Natural Plant-based Recovery Accelerator Single Packet - Apple Berry 0.96 Oz/27g Powder,,http://ecx.images-amazon.com/images/I/31ehRTiWfQL.jpg,"731,719",accept,,no,0,0,0,0,0,1,0,0,1,,,,,,$9.53 ,$9.53 ,,,$3.62 ,$5.61 ,64.53%,181.91%
838766009216,B0089MXHY2,$1.99 ,US,Health and Beauty,Vega Sport Natural Plant-based Recovery Accelerator 2 Single Packets - Apple Berry 2 X 0.96 Oz(27g) Powder,,http://ecx.images-amazon.com/images/I/41gJNoOnW8L.jpg,"839,039",accept,,,,0,0,0,0,0,0,0,0,,,,,,,,,,,,,
838766009216,B0089MY2KK,$1.99 ,US,Health and Beauty,Vega Sport Natural Plant-based Recovery Accelerator 3 Single Packets - Apple Berry 3 X 0.96 Oz(27g) Powder,,http://ecx.images-amazon.com/images/I/41gJNoOnW8L.jpg,"785,181",accept,,,,0,0,0,0,0,0,0,0,,,,,,,,,,,,,
838766009216,B00CQ7OXB2,$1.99 ,US,Health and Beauty,Vega - Vega Sport Natural Plant Based Recovery Accelerator Apple Berry - 0.96 oz.,,http://ecx.images-amazon.com/images/I/51dqvOoUZdL.jpg,"450,193",accept,,no,0,0,0,0,0,0,0,0,0,,,,,,,,,,,,,
838766009223,B00654O13C,$1.99 ,US,Health and Beauty,Vega Sport Natural Plant-based Recovery Accelerator  Single Packet - Tropical 0.96 Oz/27g Powder,,http://ecx.images-amazon.com/images/I/41ckOErvzdL.jpg,"550,330",accept,,no,0.2,0,0,0,0,0,0,0,0,,,,,,,,,,,,,
838766009223,B0089MUPCY,$1.99 ,US,Health and Beauty,Vega Sport Natural Plant-based Recovery Accelerator  3 Single Packets - Tropical 3 X 0.96 Oz(27g) Powder,,http://ecx.images-amazon.com/images/I/414IXDg%2BuKL.jpg,"906,116",accept,,,,0,0,0,0,0,0,0,0,,,,,,,,,,,,,
838766009223,B0089MVZ96,$1.99 ,US,Health and Beauty,Vega Sport Natural Plant-based Recovery Accelerator  2 Single Packets - Tropical 2 X 0.96 Oz(27g) Powder,,http://ecx.images-amazon.com/images/I/414IXDg%2BuKL.jpg,"839,355",accept,,,,0,0,0,0,0,0,0,0,,,,,,,,,,,,,
838766008042,B005MJCJW6,$51.99 ,US,Health and Beauty,Vega Sport Performance Protein Berry Tub 29 oz,,http://ecx.images-amazon.com/images/I/41mbrUz6PYL.jpg,"6,234",accept,,no,1.81,3,0,0,3,8,0,0,8,,$44.09 ,$44.09 ,,,$52.98 ,$52.98 ,,,($18.36),$33.63 ,-54.59%,-35.31%
838766008042,B00NIHI5XQ,$51.99 ,US,Health and Beauty,Vega Sport Performance Protein 29 oz Tub Berry,,http://g-ecx.images-amazon.com/images/G/01/x-site/icons/no-img-sm.gif,"1,039,924",accept,,no,2.15,0,0,0,0,0,0,0,0,,,,,,,,,,,,,
838766008059,B005H6UCHS,$51.99 ,US,Health and Beauty,Vega Sport Performance Protein Vanilla Tub 29.2 oz,,http://ecx.images-amazon.com/images/I/41LbCwTRe2L.jpg,"1,672",accept,,no,1.85,4,0,0,4,8,0,0,8,$49.99 ,$54.99 ,$54.99 ,,,$52.98 ,$52.98 ,,,($13.34),$38.65 ,-34.51%,-25.66%
838766008066,B005O4ZJAS,$51.99 ,US,Health and Beauty,Vega Sport Performance Protein Chocolate Tub 29oz,,http://ecx.images-amazon.com/images/I/41hT1iy11cL.jpg,"2,068",accept,,no,2,3,0,0,3,8,0,0,8,$49.99 ,$54.99 ,$54.99 ,,,$50.00 ,$50.00 ,,,($13.34),$38.65 ,-34.51%,-25.66%
838766008066,B00NIHJKIA,$51.99 ,US,Health and Beauty,Vega Sport Performance Protein 29 oz Tub Chocolate,,http://g-ecx.images-amazon.com/images/G/01/x-site/icons/no-img-sm.gif,,accept,,no,2.15,0,0,0,0,0,0,0,0,,,,,,,,,,,,,
838766008141,B005KA7XN2,$33.59 ,US,Health and Beauty,Vega Sport Performance Protein Berry -- 12 Packets,,http://ecx.images-amazon.com/images/I/41nl7OfzG3L.jpg,"459,842",accept,,,,0,0,0,0,0,0,0,0,,,,,,,,,,,,,
838766008141,B005MJCKKM,$33.59 ,US,Health and Beauty,Vega Sport Performance Protein Berry 12 Count,,http://ecx.images-amazon.com/images/I/41cwixsdv3L.jpg,"48,454",accept,,no,1,3,1,0,4,4,1,0,5,,$20.05 ,$26.99 ,$20.05 ,,$34.98 ,$34.98 ,,,($19.97),$13.62 ,-146.62%,-59.45%
838766008158,B005MJCKWU,$33.59 ,US,Health and Beauty,Vega Sport Performance Protein Vanilla 12 Count,,http://ecx.images-amazon.com/images/I/41Ik8RnPIGL.jpg,"42,836",accept,,no,1.1,2,0,0,2,5,0,0,5,$29.99 ,$36.99 ,$36.99 ,,,$32.98 ,$32.98 ,,,($11.52),$22.07 ,-52.20%,-34.30%
838766008165,B005QDXU6M,$33.59 ,US,Health and Beauty,Vega Sport Performance Protein Chocolate 12 Count,,http://ecx.images-amazon.com/images/I/41CbA9lbr%2BL.jpg,"32,221",accept,,no,1.1,2,1,0,3,6,1,0,7,$29.99 ,$27.66 ,$36.99 ,$27.66 ,,$29.44 ,$29.44 ,,,($11.51),$22.08 ,-52.13%,-34.27%
838766008240,B00654O560,$2.79 ,US,Health and Beauty,Vega Sport Natural Plant-based Performance Protein 25g Protein 5500mg BCAAs 5000mg Glutamine - Berry 1.2 Oz/34g Powder Pouche,,http://ecx.images-amazon.com/images/I/51KIfHOGGeL.jpg,"628,597",accept,,no,0.2,0,0,0,0,0,0,0,0,,,,,,,,,,,,,
838766008257,B007J5QGNY,$2.79 ,US,Health and Beauty,Vega Sport Natural Plant-based Performance Protein 25g Protein 5500mg BCAAs 5000mg Glutamine  2 PAK - Vanilla Flavor 1.2 Oz/35g Powder,,http://ecx.images-amazon.com/images/I/51vmwavIFWL.jpg,"758,651",accept,,,,0,0,0,0,0,0,0,0,,,,,,,,,,,,,
838766008264,B005V3TWOG,$2.79 ,US,Health and Beauty,Vega Sport Natural Plant-based Performance Protein 26g Protein 5500mg Bcaas 5000mg Glutamine - Chocolate Flavor 1.3 Oz/37g Powder Pouche,,http://ecx.images-amazon.com/images/I/41u55Z-L3PL.jpg,"481,121",accept,,no,0.05,0,0,0,0,0,0,0,0,,,,,,,,,,,,,
838766080185,B00IZO6CQ4,$33.43 ,US,Health and Beauty,Vega Sport Protein Bar Chocolate Coconut -- 12 Bars,,http://ecx.images-amazon.com/images/I/41tHELHzGzL.jpg,"394,286",accept,,no,1.85,0,0,0,0,0,0,0,0,,,,,,,,,,,,,
838766080185,B00MU1LS8U,$33.43 ,US,Health and Beauty,Vega Sport Protein Bar Chocolate Coconut 12 Count 2.14 Oz. Bars,,http://ecx.images-amazon.com/images/I/41S3J5DTlUL.jpg,"13,914",accept,,no,0,1,1,0,2,4,1,0,5,$29.99 ,$27.09 ,,$27.09 ,,$38.94 ,$38.94 ,,,($11.34),$22.09 ,-51.34%,-33.92%
838766080192,B00MXT7KEK,$33.43 ,US,Health and Beauty,Vega Sport Protein Bar Chocolate Peanut Butter Box SeQuel 12(2.14oz) Box,,http://ecx.images-amazon.com/images/I/41%2BVXR2SYpL.jpg,"192,775",accept,,no,0,0,0,0,0,0,0,0,0,,,,,,,,,,,,,
838766080192,B00NBZAX4E,$33.43 ,US,Health and Beauty,Vega - VEGA SPORT PROTEIN BAR CHOCOLATE PEANUT BUTTER 12 bars,,http://g-ecx.images-amazon.com/images/G/01/x-site/icons/no-img-sm.gif,,accept,,no,0,0,0,0,0,0,0,0,0,,,,,,,,,,,,,
838766080192,B00O2UU8HO,$33.43 ,US,Health and Beauty,Vega Sport Protein Bar Chocolate Peanut Butter Box of 12 - Men's,,http://ecx.images-amazon.com/images/I/518sgbHfk2L.jpg,"276,551",accept,,no,1.7,0,0,0,0,0,0,0,0,,,,,,,,,,,,,
838766080192,B00O957VJA,$33.43 ,US,Health and Beauty,Vega Sport Protein Bar Chocolate Peanut Butter 12 Count,,http://ecx.images-amazon.com/images/I/410MMbO9%2B-L.jpg,"141,204",accept,,no,0,0,0,0,0,0,0,0,0,,,,,,,,,,,,,
838766080208,B00IZO6E0I,$33.43 ,US,Health and Beauty,Vega Sport Protein Bar Chcolate Mint Box of 12 - Men's,,http://ecx.images-amazon.com/images/I/51oPXnD1MpL.jpg,"206,993",accept,,no,0,0,0,0,0,0,0,0,0,,,,,,,,,,,,,
838766080208,B00MXT7MPC,$33.43 ,US,Health and Beauty,Vega Sport Protein Bar Chocolate Mint Box SeQuel 12 (2.14oz) Box,,http://ecx.images-amazon.com/images/I/41DY9nR8a%2BL.jpg,"662,748",accept,,no,0,0,0,0,0,0,0,0,0,,,,,,,,,,,,,
838766080208,B00NBZASLM,$33.43 ,US,Health and Beauty,Vega Sport Protein Bar Chocolate Mint 12 Count,,http://ecx.images-amazon.com/images/I/41LAEbamrmL.jpg,"32,644",accept,,no,1.75,1,0,0,1,2,0,0,2,$29.99 ,,,,,$48.79 ,$48.79 ,,,($11.34),$22.09 ,-51.34%,-33.92%
838766080154,B00IZO6HB4,$1.99 ,US,Health and Beauty,Vega Vega Sport Chocolate Coconut Protein Bar-12 Bars,,http://ecx.images-amazon.com/images/I/61gK3C9sSmL.jpg,"794,098",accept,,no,0,0,0,0,0,0,0,0,0,,,,,,,,,,,,,
838766080161,,$1.99 ,US,,,,,,abort,"Your search for ""838766080161"" did not match any products.",,,0,0,0,0,0,0,0,0,,,,,,,,,,,,,
838766080178,B00IZO6IM2,$1.99 ,US,Health and Beauty,Vega ProteinBar Chocolate Mint,,http://ecx.images-amazon.com/images/I/61b14DPVL6L.jpg,"781,228",accept,,no,0,0,0,0,0,0,0,0,0,,,,,,,,,,,,,
838766030111,,,US,,,,,,abort,"Your search for ""838766030111"" did not match any products.",,,0,0,0,0,0,0,0,0,,,,,,,,,,,,,
838766030128,,,US,,,,,,abort,"Your search for ""838766030128"" did not match any products.",,,0,0,0,0,0,0,0,0,,,,,,,,,,,,,
838766030135,,,US,,,,,,abort,"Your search for ""838766030135"" did not match any products.",,,0,0,0,0,0,0,0,0,,,,,,,,,,,,,
838766030050,B0046JFB8M,$7.99 ,US,Health and Beauty,Vega SaviSeed Oh Natural 5 Ounce,,http://ecx.images-amazon.com/images/I/41wFdIFywyL.jpg,"27,018",accept,,no,0,1,0,0,1,4,0,0,4,$10.00 ,,,,,$12.98 ,$12.98 ,,,($1.98),$6.01 ,-32.95%,-24.78%
838766030050,B005GNY052,$7.99 ,US,Health and Beauty,Vega Savi Seed Sacha Inchi Seed Snack Lightly Salted Oh Natural -- 5 oz,,http://ecx.images-amazon.com/images/I/21ZqQTK8MiL.jpg,"307,188",accept,,no,0,0,0,0,0,1,0,0,1,,,,,,$13.98 ,$13.98 ,,,$1.41 ,$9.40 ,15%,17.65%
838766030050,B0083ELDX8,$7.99 ,US,Single Detail Page Misc,SaviSeed Oh Natural SeQuel 5 oz/142g Seeds,,http://ecx.images-amazon.com/images/I/31t9XqayoEL.jpg,"113,550",accept,,no,0,0,0,0,0,1,0,0,1,,,,,,$7.99 ,$7.99 ,,,($3.68),$4.31 ,-85.38%,-46.06%
838766030050,B0084H2BNU,$7.99 ,US,Health and Beauty,Vega SaviSeed Karmalized 5 Ounce,,http://ecx.images-amazon.com/images/I/41AIeCxnBKL.jpg,"136,777",accept,,no,0,1,0,0,1,4,0,0,4,$10.00 ,,,,,$12.98 ,$12.98 ,,,($2.07),$5.92 ,-34.97%,-25.91%
838766030067,B0046JDAZI,$7.99 ,US,Health and Beauty,Vega SaviSeed 5 Ounce,,http://ecx.images-amazon.com/images/I/51xCP0-6zeL.jpg,"72,404",accept,,no,0.34,1,0,0,1,4,0,0,4,$10.00 ,,,,,$18.82 ,$18.82 ,,,($2.07),$5.92 ,-34.97%,-25.91%
838766030067,B0089SWMXS,$7.99 ,US,Health and Beauty,SaviSeed Cocoa Kissed SeQuel 5oz/142g Seeds,,http://ecx.images-amazon.com/images/I/21yBSEIXCOL.jpg,"470,995",accept,,no,0.3,0,0,0,0,2,0,0,2,,,,,,$7.99 ,$7.99 ,,,($3.77),$4.22 ,-89.34%,-47.18%
838766030050,B0084H2BNU,$7.99 ,US,Health and Beauty,Vega SaviSeed Karmalized 5 Ounce,,http://ecx.images-amazon.com/images/I/41AIeCxnBKL.jpg,"136,777",accept,,no,0,1,0,0,1,4,0,0,4,$10.00 ,,,,,$12.98 ,$12.98 ,,,($2.07),$5.92 ,-34.97%,-25.91%
838766030081,B0084H51O6,$23.99 ,US,Health and Beauty,Vega SaviSeed Oh Natural 12 Count,,http://ecx.images-amazon.com/images/I/41dhNGrCchL.jpg,"44,521",accept,,no,0,1,0,0,1,5,0,0,5,$24.39 ,,,,,$22.89 ,$22.89 ,,,($6.68),$17.31 ,-38.59%,-27.84%
838766030098,B0084H53EO,$23.99 ,US,Health and Beauty,Vega SaviSeed Cocoa Kissed 12 Count,,http://ecx.images-amazon.com/images/I/41sztyY6wSL.jpg,"77,776",accept,,no,1,1,0,0,1,3,0,0,3,$25.90 ,,,,,$23.99 ,$23.99 ,,,($5.40),$18.59 ,-29.05%,-22.51%
838766030104,B008BTTTLS,$23.99 ,US,Health and Beauty,Vega SaviSeed Karmalized 12 Count,,http://ecx.images-amazon.com/images/I/41VWuArFzsL.jpg,"251,154",accept,,no,0,1,0,0,1,3,0,0,3,$25.90 ,,,,,$23.99 ,$23.99 ,,,($5.40),$18.59 ,-29.05%,-22.51%
838766030005,,$2.39 ,US,,,,,,abort,"Your search for ""838766030005"" did not match any products.",,,0,0,0,0,0,0,0,0,,,,,,,,,,,,,
838766030012,,$2.39 ,US,,,,,,abort,"Your search for ""838766030012"" did not match any products.",,,0,0,0,0,0,0,0,0,,,,,,,,,,,,,
838766030029,,$2.39 ,US,,,,,,abort,"Your search for ""838766030029"" did not match any products.",,,0,0,0,0,0,0,0,0,,,,,,,,,,,,,
838766060002,B008DP63BO,$16.76 ,US,Health and Beauty,Vega Maca 60 Vegicaps 750mg,,http://ecx.images-amazon.com/images/I/41948CXLqVL.jpg,"91,150",accept,,no,0,2,0,0,2,5,0,0,5,$18.56 ,$18.99 ,$18.99 ,,,$16.99 ,$16.99 ,,,($3.57),$13.19 ,-27.07%,-21.30%
838766060019,B0084H1PQY,$27.16 ,US,Health and Beauty,Vega Maca 120 Vegicaps 750mg,,http://ecx.images-amazon.com/images/I/41%2Bj-Rl2aHL.jpg,"43,101",accept,,no,0.22,1,0,0,1,4,0,0,4,$29.22 ,,,,,$27.16 ,$27.16 ,,,($4.90),$22.26 ,-22.01%,-18.04%
838766060019,B00CQ7U1YK,$27.16 ,US,Health and Beauty,Vega Maca -- 750 mg - 120 Vegetarian Capsule,,http://g-ecx.images-amazon.com/images/G/01/x-site/icons/no-img-sm.gif,,accept,,no,0,0,0,0,0,0,0,0,0,,,,,,,,,,,,,
838766060033,B0085RV9PU,$16.76 ,US,Health and Beauty,Vega Maca Powder 90g,,http://ecx.images-amazon.com/images/I/41fikuTcibL.jpg,"225,957",accept,,no,0.22,3,0,0,3,6,0,0,6,,$15.38 ,$15.38 ,,,$16.99 ,$16.99 ,,,($6.27),$10.49 ,-59.77%,-37.41%
838766060026,B0084H4XHC,$27.16 ,US,Health and Beauty,Vega Maca Powder 180g,,http://ecx.images-amazon.com/images/I/417JfJJoVyL.jpg,"68,159",accept,,no,0.22,3,0,0,3,6,0,0,6,,$21.99 ,$21.99 ,,,$21.49 ,$21.49 ,,,($11.05),$16.11 ,-68.59%,-40.68%
838766010014,B0084H5970,$57.60 ,US,Health and Beauty,Vega Maca Chocolate Bars 1.4 oz. Bars 24 Count,,http://ecx.images-amazon.com/images/I/41%2B3KspaK7L.jpg,"123,173",accept,,no,2.25,1,0,0,1,5,0,0,5,$63.49 ,,,,,$63.49 ,$63.49 ,,,($7.41),$50.19 ,-14.76%,-12.86%
838766010007,,$2.39 ,US,,,,,,abort,"Your search for ""838766010007"" did not match any products.",,,0,0,0,0,0,0,0,0,,,,,,,,,,,,,
838766050003,B0085RVANQ,$19.96 ,US,Health and Beauty,Vega Chlorella 150 Tablets 500mg,,http://ecx.images-amazon.com/images/I/41toIMlNbpL.jpg,"215,164",accept,,no,0.19,2,0,0,2,6,0,0,6,$21.68 ,$24.99 ,$24.99 ,,,$19.99 ,$19.99 ,,,($4.10),$15.86 ,-25.85%,-20.54%
838766050010,B0084H0844,$33.56 ,US,Health and Beauty,Vega Chlorella 300 Tablets 500mg,,http://ecx.images-amazon.com/images/I/41KrNzwNo8L.jpg,"86,748",accept,,no,0.35,2,0,0,2,6,0,0,6,$33.59 ,$38.99 ,$38.99 ,,,$33.99 ,$33.99 ,,,($8.38),$25.18 ,-33.28%,-24.97%
838766003030,B005AYE732,$30.36 ,US,Beauty,Chloressence Premium High-CGF Chlorella - 150g - Powder,,http://ecx.images-amazon.com/images/I/216dtPjetbL.jpg,"477,035",accept,,no,0.45,0,0,0,0,0,0,0,0,,,,,,,,,,,,,
838766020006,B0085108EE,$11.99 ,US,Health and Beauty,Vega Antioxidant Omega Oil Blend 8.5 Ounce,,http://ecx.images-amazon.com/images/I/41Vh-7vVdyL.jpg,"217,862",accept,,no,0,2,0,0,2,4,0,0,4,$13.47 ,$14.99 ,$14.99 ,,,$11.99 ,$11.99 ,,,($3.12),$8.87 ,-35.17%,-26.02%
838766020013,B0084H53P8,$19.98 ,US,Health and Beauty,Vega Antioxidant Omega Oil Blend 17 Ounce,,http://ecx.images-amazon.com/images/I/41Vh-7vVdyL.jpg,"32,066",accept,,no,1.12,2,0,0,2,5,0,0,5,$20.99 ,$22.95 ,$22.95 ,,,$19.99 ,$19.99 ,,,($5.55),$14.43 ,-38.46%,-27.78%
9780738212548,738212547,$11.96 ,US,Book,Thrive: The Vegan Nutrition Guide to Optimal Performance in Sports and Life,Brendan Brazier,http://ecx.images-amazon.com/images/I/51pBXnCIIML.jpg,"13,489",accept,,no,0.83,2,1,0,3,49,115,2,166,$10.26 ,$6.99 ,,$6.99 ,,$6.07 ,$9.61 ,$6.07 ,$13.76 ,($6.45),$5.51 ,-117.06%,-53.93%
9780738213620,738213624,$12.76 ,US,Book,Thrive Fitness: The Vegan-Based Training Program for Maximum Strength Health and Fitness,Brendan Brazier,http://ecx.images-amazon.com/images/I/51JadUH9U2L.jpg,"181,366",accept,,no,0.71,1,4,0,5,43,69,0,112,$11.97 ,$7.99 ,,$7.99 ,,$7.40 ,$10.90 ,$7.40 ,,($5.53),$7.23 ,-76.49%,-43.34%
9780738215112,738215112,$15.96 ,US,Book,Thrive Foods: 200 Plant-Based Recipes for Peak Health,Brendan Brazier,http://ecx.images-amazon.com/images/I/41qmDxFCV%2BL.jpg,"32,783",accept,,no,0,1,0,0,1,43,49,0,92,$14.57 ,,,,,$7.98 ,$11.63 ,$7.98 ,,($6.79),$9.17 ,-74.05%,-42.54%
9780738217406,738217409,$18.39 ,US,Book,Thrive Energy Cookbook: 150 Plant-Based Whole Food Recipes,Brendan Brazier,http://ecx.images-amazon.com/images/I/51MieN-Nu1L.jpg,"12,067",accept,,no,1.6,1,0,0,1,46,20,0,66,$17.01 ,,,,,$13.02 ,$15.55 ,$13.02 ,,($7.14),$11.25 ,-63.47%,-38.83%
9780973596748,973596740,$7.96 ,US,Book,The Wonders of Maca,Carmen Mattes,http://g-ecx.images-amazon.com/images/G/01/x-site/icons/no-img-sm.gif,"4,053,810",accept,,no,0.3,0,0,0,0,1,18,1,20,,,,,,$4.00 ,$13.49 ,$4.00 ,$13.97 ,($7.39),$0.57 ,-1296.49%,-92.84%
9781890766283,,$3.96 ,US,,,,,,abort,There was an error processing your request please try again. If the problem persists contact ScanPower support,,,0,0,0,0,0,0,0,0,,,,,,,,,,,,,
